word,frequency
nq未褌,1
伪魏喂谓畏蟿慰蟼,1
伪邪褌,1
未蠀谓伪渭畏,1
魏蠀尾蔚蟻谓畏蟿畏蟼,1
蟽蠀渭蠁慰蟻畏蟿慰蟼,1
邪邪邪邪邪邪邪邪邪邪邪邪邪邪邪斜褌褜,1
邪斜褉褍褑褑褋泻懈泄,1
邪斜褋械薪褌械懈蟹屑,7
邪斜褋械薪褌械懈褋褌,2
邪斜褋芯胁邪,1
邪斜褋芯谢褞褌薪,1
邪斜褋褌褉邪泻褑懈芯薪懈蟹屑,10
邪斜褋褍褉写懈蟹屑,1
邪斜褋褑懈褋褋芯褟,1
邪胁邪薪褋懈褉芯胁邪褌褜,1
邪胁邪薪褌褞褉懈褋褌懈褔薪芯褋褌褜,1
邪胁邪薪褌褞褉懈褋褌懈褔薪褘泄,1
邪胁邪褎械谢懈泄,1
邪胁写邪泻芯胁褘,2
邪胁械褉褔械薪泻芯胁褋泻懈泄,1
邪胁懈邪邪褌邪泻邪,1
邪胁懈邪泻芯褉锌褍褋,1
邪胁懈邪屑芯写械谢懈褋褌,1
邪胁懈邪薪邪谢械褌,1
邪胁懈邪褉邪泻械褌芯泻芯褋屑懈褔械褋泻懈泄,1
邪胁懈邪褉邪泻械褌芯褋褌褉芯械薪懈械,1
邪胁褉懈泻邪邪薪褋,1
邪胁褉芯胁,1
邪胁褋褌褉,1
邪胁褋褌褉芯胁械薪谐械褉褋泻懈泄,1
邪胁褌邪褉泻懈褟,3
邪胁褌芯蟹薪邪褔械薪懈械,1
邪胁褌芯泻芯谢邪,1
邪胁褌芯泻芯谢械斜邪薪懈械,4
邪胁褌芯泻芯谢械斜邪褌械谢褜薪褘泄,10
邪胁褌芯泻芯薪褑械褉薪,1
邪胁褌芯泻褉邪褌,1
邪胁褌芯泻褉邪褌懈褔械褋泻懈泄,1
邪胁褌芯屑芯斜懈谢械褋褌褉芯懈褌械谢褜,1
邪胁褌芯锌芯写斜芯褉,2
邪胁褌芯锌褉芯懈蟹胁芯写懈褌械谢褜,2
邪胁褌芯锌褉芯屑褘褕谢械薪薪懈泻,1
邪胁褌芯褍蟹械谢,1
邪胁褌芯褎芯泻褍褋,1
邪胁褌芯褎芯褉屑邪,1
邪胁褘泄,1
邪谐懈褌泻邪,3
邪谐懈褌锌芯械蟹写,1
邪谐懈褌褎邪褉褎芯褉,1
邪谐谢芯屑械褉邪褑懈芯薪薪褘泄,11
邪谐薪懈褌褜,1
邪谐芯胁褌褜,1
邪谐褉芯斜懈芯谢芯谐,1
邪谐褉芯谐械芯谐褉邪褎懈褟,1
邪谐褉芯谐芯褉芯写,2
邪谐褉芯懈薪写褍褋褌褉懈邪谢褜薪褘泄,1
邪谐褉芯褋褘褉褜械胁芯泄,1
邪谐褉芯褌褍褉懈蟹屑,1
邪谐褉芯褏芯谢写懈薪谐,2
邪谐褋蟹,2
邪谐褋蟹褌,1
邪谐褋蟹褌褏,2
邪谐褋蟹褏锌,3
邪谐褋蟹褕,2
邪谐褋蟹褕褏邪,2
邪谐褋蟹褕褏斜,1
邪谐褋褋,1
邪谐褋褋芯蟹褏邪,2
邪写邪屑懈蟹屑,3
邪写邪锌褌懈褉褍械屑芯褋褌褜,1
邪写懈褖邪,2
邪械邪褌,1
邪蟹械褎芯胁褖懈薪邪,1
邪蟹懈泄褋泻懈泄,1
邪蟹懈薪,1
邪蟹褉芯锌芯褉褌,1
邪蟹褌,2
邪蟹褕,2
邪蟹褕褌褎,1
邪懈斜芯谢械械,1
邪懈褌懈锌邪褉邪谢谢械谢褜薪褘泄,1
邪泄写邪褏芯,1
邪泄泻懈写芯泻,1
邪泄褋芯褉,2
邪泻邪写械屑懈褔薪褘泄,1
邪泻邪褌褜,1
邪泻懈薪芯,1
邪泻懈褌械薪,2
邪泻屑械懈褋褌懈褔械褋泻懈泄,3
邪泻屑械懈褋褌褋泻懈泄,1
邪泻薪屑邪褌,1
邪泻褉芯斜邪褌懈泻邪,1
邪泻褋懈芯谢芯谐懈褟,1
邪泻褋芯薪芯屑械褌褉懈褔械褋泻懈泄,1
邪泻褌懈胁懈蟹屑,1
邪泻褌芯褉,4
邪泻褌褍邪谢懈蟹邪褑懈褟,1
邪泻褑懈芯薪懈褉芯胁邪褌褜,2
邪泻褑懈芯薪薪褘泄,1
邪谢邪屑械泄薪褘泄,1
邪谢谐芯褉懈褎屑,1
邪谢谐芯褉懈褎屑邪,6
邪谢械邪褌芯褉懈泻邪,2
邪谢谢懈褌械褉懈褉芯胁邪薪懈械,1
邪谢谢懈褌械褉懈褉芯胁邪薪薪芯褋褌褜,1
邪谢谢褞胁懈邪谢褜薪褘泄,2
邪谢芯谐懈蟹屑,1
邪谢芯谐懈褔薪芯,1
邪谢褜薪懈泻芯,1
邪谢褜褌械褉谐谢芯斜邪谢懈褋褌,1
邪谢褜褌械褉薪邪褌懈胁薪芯褋褌褜,3
邪谢褜褌懈褋褌,1
邪谢褜褔懈写芯,2
邪屑械褉懈泻邪薪芯褑械薪褌褉懈蟹屑,1
邪屑械褉懈褑懈泄,1
邪屑锌械褉薪褘泄,3
邪屑锌械褑褑芯,1
邪屑褍褉褋褌邪褌褜,1
邪屑褏邪褉邪,1
邪薪邪谢懈褌懈泻邪,1
邪薪邪褉褏懈褔薪褘泄,1
邪薪邪褎芯褉懈褔械褋泻懈泄,1
邪薪谐谢芯褎褉邪薪褑褍蟹褋泻懈泄,2
邪薪写械谐褉邪褍薪写,2
邪薪写卸械谢械褋褋泻懈泄,1
邪薪写褉芯屑械薪懈写,1
邪薪卸邪屑斜械屑邪薪,1
邪薪泻芯褉懈写卸,1
邪薪薪懈,1
邪薪薪褍谢懈褉芯胁邪褌褜褋褟,1
邪薪褉械锌,2
邪薪褉械锌芯胁褋泻懈泄,1
邪薪褌邪谐芯薪懈褋褌懈褔械褋泻懈泄,1
邪薪褌懈邪谢泻芯谐芯谢褜薪褘泄,1
邪薪褌懈邪屑械褉懈泻邪薪懈蟹屑,1
邪薪褌懈邪屑械褉懈泻邪薪褋泻懈泄,10
邪薪褌懈斜邪褉懈芯薪,2
邪薪褌懈斜褞褉芯泻褉邪褌懈蟹屑,1
邪薪褌懈胁械褕械褋褌胁芯,1
邪薪褌懈谐械谢懈泄,2
邪薪褌懈谐械褉屑邪薪褋泻懈泄,1
邪薪褌懈谐谢芯斜邪谢懈蟹屑,2
邪薪褌懈谐谢芯斜邪谢懈褋褌褋泻懈泄,3
邪薪褌懈谐芯褋褍写邪褉褋褌胁械薪薪芯褋褌褜,1
邪薪褌懈谐芯褋褍写邪褉褋褌胁芯,1
邪薪褌懈写械泄褌械褉懈泄,1
邪薪褌懈写械屑芯泻褉邪褌懈蟹屑,1
邪薪褌懈写械屑芯泻褉邪褌懈褔械褋泻懈,1
邪薪褌懈写懈泻褌邪褌芯褉褋泻懈泄,1
邪薪褌懈写褍褏芯胁薪芯褋褌褜,1
邪薪褌懈械胁褉芯锌械泄褋泻懈泄,1
邪薪褌懈蟹邪锌邪写薪褘泄,1
邪薪褌懈蟹械谢械薪褘泄,7
邪薪褌懈懈写械邪谢,1
邪薪褌懈懈屑锌械褉懈邪谢懈褋褌,1
邪薪褌懈泻胁邪褉泻,17
邪薪褌懈泻谢械褉懈泻邪谢褜薪褘泄,1
邪薪褌懈泻芯屑屑褍薪懈蟹屑,3
邪薪褌懈泻褉邪卸械胁芯泄,2
邪薪褌懈泻褉邪褋薪褘泄,3
邪薪褌懈泻褉懈蟹懈褋薪褘泄,5
邪薪褌懈谢械锌褌芯薪,6
邪薪褌懈屑械蟹芯薪,1
邪薪褌懈屑芯薪芯锌芯谢懈褋褌懈褔械褋泻懈泄,1
邪薪褌懈薪邪褉芯写薪芯褋褌褜,1
邪薪褌懈薪邪褑懈芯薪邪谢褜薪褘泄,3
邪薪褌懈薪邪褑懈褋褌褋泻懈泄,1
邪薪褌懈薪褍泻谢芯薪,3
邪薪褌懈薪褍泻谢芯薪薪褘泄,1
邪薪褌懈锌,1
邪薪褌懈锌邪褉褌懈泄薪褘泄,4
邪薪褌懈锌懈芯薪,1
邪薪褌懈锌芯褝褌懈褔薪褘泄,1
邪薪褌懈褉邪褋懈褍褌懈薪褋泻懈泄,1
邪薪褌懈褉械谢懈谐懈芯蟹薪芯褋褌褜,1
邪薪褌懈褉械褋锌褍斜谢懈泻邪薪褋泻懈泄,1
邪薪褌懈褉芯屑邪薪褌懈褔薪褘泄,1
邪薪褌懈褋械泻褌邪薪褌褋泻懈泄,1
邪薪褌懈褋懈屑胁芯谢懈褋褌褋泻懈泄,1
邪薪褌懈褋懈薪懈泄,8
邪薪褌懈褋芯胁械褌懈蟹屑,1
邪薪褌懈褋芯褑懈邪谢懈褋褌懈褔械褋泻懈泄,1
邪薪褌懈褋芯褑懈邪谢褜薪褘泄,1
邪薪褌懈褌械褏薪芯谢芯谐懈褟,1
邪薪褌懈褌芯褌邪谢懈褌邪褉懈蟹屑,1
邪薪褌懈褌褉懈褌懈械,1
邪薪褌懈褍褌芯锌懈褔薪褘泄,1
邪薪褌懈褎褉懈泻褑懈芯薪薪褘泄,1
邪薪褌懈褑胁械褌,12
邪薪褌懈褑胁械褌薪芯泄,2
邪薪褌懈褝谢械泻褌褉芯薪,2
邪薪褌懈褝褋褌械褌懈褔械褋泻懈泄,1
邪薪褌懈褝褋褌械褌懈褔薪褘泄,2
邪薪褌褉芯锌芯屑芯褉褎懈蟹屑,1
邪薪褌褘薪械泄褌褉懈薪芯,1
邪芯胁懈褌褜,1
邪锌邪蟹芯锌,1
邪锌邪褌褉懈写,1
邪锌械谢谢懈褉芯胁邪薪懈械,1
邪锌械褉褌褍褉懈蟹屑,1
邪锌械褎邪蟹邪,1
邪锌芯泻邪谢懈锌褌懈蟹屑,1
邪锌芯谢谢芯胁,1
邪锌芯谢谢芯薪懈褔械褋泻懈泄,1
邪锌褉芯斜懈褉芯胁邪褌褜,1
邪锌褉芯斜懈褉芯胁邪褌褜褋褟,1
邪褉邪褋薪邪,1
邪褉胁邪褌芯胁褘泄,1
邪褉谐褍薪褋泻懈泄,1
邪褉械谐,1
邪褉械薪写芯胁邪褌褜褋褟,1
邪褉械褋褌薪褘泄,1
邪褉懈写薪芯褋褌褜,1
邪褉薪邪褍褌褋泻懈泄,1
邪褉薪械,1
邪褉褉械邪,3
邪褉褏懈褉械胁芯谢褞褑懈芯薪薪褘泄,1
邪褋懈屑锌褌芯屑,1
邪褋懈屑锌褌芯褌懈褔械褋泻懈泄,17
邪褋芯蟹,4
邪褋芯褑懈邪谢褜薪褘泄,1
邪褋褋械褉斜芯谐,1
邪褋褋械褉械褌褜,1
邪褋褋芯薪邪薪褋薪褘泄,1
邪褋褌械褉芯懈泄写,1
邪褋褌芯褉,1
邪褋褌褉芯褎懈蟹懈褔械褋泻懈泄,1
邪褋褍邪薪褋泻懈泄,1
邪褋褜泻懈薪邪,3
邪褌邪胁,1
邪褌邪泄,1
邪褌屑芯械褎邪,1
邪褌褕屑芯褋邪,1
邪褍写懈芯泻芯写械泻,2
邪褍褉邪褉褉邪,1
邪褍褌褋芯褉褌懈薪谐,1
邪褎褉懈,1
邪褎褉芯邪蟹懈邪褌褋泻懈泄,1
邪褎褉芯褑械薪褌褉懈蟹屑,2
邪褏谐,2
邪褏械褉薪邪褉褘,1
邪褏褋,2
邪褏褗,1
邪褏褜锌邪,1
邪褕懈谢褜,1
邪褝褉芯谐懈写褉芯写懈薪邪屑懈泻邪,1
邪褞薪懈褌,1
邪褟褌芯谢谢,1
斜邪斜芯褋芯胁邪,1
斜邪写芯谢褜芯,2
斜邪泻懈斜芯谢,1
斜邪泻锌褍谢褜胁械褉邪,1
斜邪泻褍薪懈薪褋泻懈泄,1
斜邪谢邪谐褍褉褋褌胁芯,1
斜邪谢邪薪褔懈薪,2
斜邪谢褌褉褍褕邪泄褌懈褋,1
斜邪谢褜屑芯薪褌芯胁褋泻懈泄,2
斜邪薪谐谢邪写械褕褋泻懈泄,1
斜邪薪写褍薪谐褋泻懈泄,1
斜邪薪泻薪芯褌薪褘泄,1
斜邪薪褋泻芯,1
斜邪芯褌芯褍,2
斜邪锌褌懈褋褌褋泻懈泄,1
斜邪褉懈泄懈褌褌褉懈械胁,1
斜邪褉懈芯薪,36
斜邪褉懈芯薪薪褘泄,23
斜邪褉褉邪薪泻懈谢褜,1
斜邪褉褌芯泻,1
斜邪褋懈褋褌芯,1
斜邪褋褜泻懈薪邪,2
斜邪褍褉邪,1
斜邪褍褏邪褍蟹,1
斜邪褏褌懈邪褉邪,1
斜斜谢褘薪褍褌褜,1
斜斜谢褘锌邪泄,1
斜斜谢褘褕邪褌褜,1
斜斜谢褜褕懈泄,4
斜斜谢褜褕褍褟,2
斜械写芯胁邪褌褜,1
斜械卸械薪褋泻懈泄,1
斜械蟹写械泄褋褌胁械薪薪芯褋褌褜,2
斜械蟹谢械褌薪褘泄,1
斜械蟹谢懈褑褘泄,1
斜械蟹谢褞斜褘泄,1
斜械蟹屑邪褋褋芯胁褘泄,6
斜械蟹屑褍蟹褘泻邪谢褜薪褘泄,2
斜械蟹薪邪褑懈芯薪邪谢褜薪褘泄,1
斜械蟹芯斜褉邪蟹芯胁械褑,1
斜械蟹芯斜褉邪蟹芯胁褘泄,1
斜械蟹芯褋薪芯胁邪褌械谢褜薪芯,2
斜械蟹芯褋薪芯胁邪褌械谢褜薪褘泄,1
斜械蟹褉械谢懈谐懈芯蟹薪芯褋褌褜,1
斜械蟹褗褟蟹褘泻懈泄,1
斜械蟹褘屑械薪褋泻懈泄,1
斜械蟹褘薪械褉褑懈芯薪薪褘泄,1
斜械泻泻械褌邪,2
斜械谢芯胁芯写褜械,1
斜械谢褍写卸懈,3
斜械谢褜卸械褑,1
斜械谢褞褌懈薪邪,2
斜械薪写械褉,1
斜械薪写械褉褘,1
斜械薪写懈褌,1
斜械薪懈褋谢邪胁褋泻懈泄,2
斜械褉斜邪薪泻邪,1
斜械褉泻谢褘泄,1
斜械褉谢懈薪谐褍褝褉,1
斜械褉谢懈薪械褑,1
斜械褉褌懈谢褜,2
斜械褋械写薪褘泄,1
斜械褋泻芯屑锌褉芯屑懈褋褋薪芯,1
斜械褋泻芯薪泻褍褉褋薪褘泄,1
斜械褋泻褉邪褋芯褔薪褘泄,1
斜械褋泻褉懈蟹懈褋薪褘泄,1
斜械褋锌邪褕械薪薪褘泄,4
斜械褋锌械褉械斜芯泄薪芯褋褌褜,1
斜械褋锌褉械写屑械褌薪芯褋褌褜,2
斜械褋锌褉芯斜谢械屑薪褘泄,1
斜械褋锌褍褌褜械,1
斜械褋褋芯胁械褋褌薪芯褋褌褜,1
斜械褋褕芯胁薪褘泄,1
斜懈蟹芯薪懈褟,1
斜懈谢写懈薪谐邪,1
斜懈芯谐褉邪褎懈褔械褋泻懈,1
斜懈锌褉懈蟹屑邪,4
斜懈褉屑邪薪械褑,1
斜懈褌谢芯屑邪薪褘泄,1
斜懈褌薪懈泻,5
斜懈褌褉械泄褌,5
斜懈褏邪褉械褑,1
斜谢懈卸邪泄锌褌褘泄,1
斜谢芯泻芯胁械写,1
斜谢芯泻芯胁械写邪,1
斜谢芯泻芯胁褋泻,2
斜芯斜谢芯胁,3
斜芯谐邪褌褘褉泻邪,1
斜芯谐芯斜芯褉褔械褋褌胁芯,1
斜芯谐芯懈褋泻邪褌械谢褜褋褌胁芯,1
斜芯谐芯褌,2
斜芯谐褍褕邪,1
斜芯写械薪褋泻懈泄,2
斜芯写褉邪薪褘泄,1
斜芯械谐芯谢芯胁泻邪,9
斜芯谢懈胁邪褉懈邪薪褋泻懈泄,1
斜芯谢懈胁邪褉懈械褑,1
斜芯谢褘薪褍褌褜,2
斜芯谢褘锌懈薪褋褌胁芯,1
斜芯谢褘褕,3
斜芯谢褘褕邪,1
斜芯谢褘褕邪褌褜,1
斜芯谢褘褕锌褘泄,1
斜芯谢褘褕褑懈薪褋褌胁芯,1
斜芯谢褜懈褌懈薪褋褌胁芯,1
斜芯谢褜锌褌懈薪褋褌胁芯,1
斜芯谢褜褌芯泄,1
斜芯谢褜褕懈薪褋褌,1
斜芯谢褟褉懈薪邪,1
斜芯屑斜邪褉褘泄,1
斜芯褉械胁,1
斜芯褉懈褟,1
斜芯褉褑芯胁褋泻懈泄,2
斜芯褋胁邪褕,4
斜芯褋褌芯薪薪褘泄,1
斜褉邪蟹械褉褋,1
斜褉邪褌芯褍斜懈褋褌胁芯,1
斜褉械写褎芯褉谢芯,1
斜褉械卸薪械胁褋泻懈泄,1
斜褉械薪写懈薪谐,2
斜褉械薪写芯胁褘泄,2
斜褉械褋谢邪褍,1
斜褉芯泻械褉褋泻懈泄,1
斜褉锌谢,1
斜褉褍泻褋,1
斜褉褍屑械谢褜,1
斜褉褍薪卸邪,1
斜褉褞泻胁械薪薪褘泄,1
斜褉褞褋芯胁褋泻懈泄,1
斜褉褟薪褖懈薪邪,1
斜褋芯胁邪蟹褌,1
斜褋芯蟹,1
斜褋芯蟹邪胁褌,1
斜褌褉,1
斜褍邪斜芯写褉邪薪褘泄,2
斜褍写械褌谢褟薪懈薪,2
斜褍写械褌褜,1
斜褍写褍邪褉薪褘泄,1
斜褍卸写械薪薪芯泄,1
斜褍泄斜邪,1
斜褍泻懈薪懈褋褌懈褔械褋泻懈泄,1
斜褍谢谐邪泻芯胁褖懈薪邪,1
斜褍谢写褘卸薪懈泻,1
斜褍谢械蟹褌褜,1
斜褍谢谢懈褌,2
斜褍屑邪谐芯褌胁芯褉褔械褋褌胁芯,1
斜褍薪写械褋胁械褉,1
斜褍薪卸邪褌褜,1
斜褍薪懈薪褋泻,1
斜褍薪褌邪褉褋泻懈,1
斜褍褏邪褉懈薪褋泻懈泄,2
斜褏谐,1
斜褘械褌褉褘泄,1
斜褘褋褌褉芯胁褉邪褖邪褞褖懈泄褋褟,2
斜褘褋褌褉芯屑械薪褟褞褖懈泄褋褟,1
斜褘褋褌褉芯褉邪蟹胁懈胁邪褞褕懈泄褋褟,1
斜褘褋褌褉芯褉邪蟹屑薪芯卸邪褞褖懈泄褋褟,1
斜褘褌懈泄薪褘泄,1
斜褘褌芯锌懈褋邪褌械谢褜褋褌胁芯,1
斜褝薪褜褋懈褌褜,1
斜褝褌褋芯薪芯屑,1
斜褞褉芯泻褉邪褌懈蟹懈褉芯胁邪褌褜,1
斜褞褋褌谐邪谢褜褌械褉,1
胁邪邪邪邪胁邪邪邪褉褉褉褉褉褉褉褉褉褉邪,1
胁邪写谐芯蟹邪,1
胁邪卸薪械泄锌褌懈械,1
胁邪泄邪薪芯屑,1
胁邪泻谢邪写褘胁邪褌褜褋褟,1
胁邪泻褍褍屑懈褉芯胁邪薪薪褘泄,2
胁邪泻褑懈薪懈褉芯胁邪薪懈械,1
胁邪薪写械褉斜懈谢褜褌,1
胁邪薪褞褕懈薪邪,1
胁邪锌锌,1
胁邪褉褕邪胁褟薪懈薪,1
胁邪褋懈谢褜械胁,1
胁邪褋懈谢褜泻芯胁褋泻懈泄,1
胁邪褋懈谢褜褋泻芯胁褋泻懈泄,1
胁邪褋褌褉芯薪芯屑懈褟,1
胁邪褍褔械褉薪褘泄,2
胁胁邪,2
胁写胁懈谐邪薪懈械,1
胁械邪写锌懈泻,1
胁械斜谢械薪,1
胁械斜褋邪泄褌,1
胁械斜褋械褉胁械褉,1
胁械斜褋褑械薪邪褉懈泄,1
胁械胁,1
胁械写懈薪褋褌胁芯,1
胁械蟹褍薪褔懈泻,1
胁械泻褌芯,1
胁械谢懈邪褉,1
胁械谢懈谐芯褉褋泻懈泄,1
胁械谢懈泻芯谐械褉屑邪薪褋泻懈泄,1
胁械谢懈锌邪,1
胁械谢懈褔邪泄褖懈泄,1
胁械薪谐械褉芯,1
胁械薪褌褍褉懈褌褜,1
胁械薪褔褍褉薪褘泄,2
胁械芯,1
胁械褉懈褎懈泻邪褑懈褟,3
胁械褉薪芯薪邪,3
胁械褉芯锌,1
胁械褉锌褍谢褟,1
胁械褋薪懈褔懈泄,1
胁械褋锌械褌褜,1
胁械褋褌械褉薪,1
胁械褌褋泻邪泄,1
胁械褌褋褌胁褍褌褜,1
胁械褌褑械褋褌胁芯,1
胁械褕褑械褋褌胁芯,1
胁卸懈胁邪薪懈械,2
胁卸懈胁谢褟褌褜褋褟,1
胁蟹邪懈屑薪芯斜谢邪谐芯褌胁芯褉懈褌械谢褜薪褘泄,1
胁蟹邪懈屑芯胁褘谐芯写薪芯褋褌褜,1
胁蟹邪懈屑芯蟹邪屑械薪懈屑褘泄,1
胁蟹邪懈屑芯芯斜芯谐邪褖邪褌褜,2
胁蟹邪懈屑芯芯斜褍褋谢芯胁谢械薪薪芯褋褌褜,1
胁蟹邪懈屑芯锌械褉械褋械泻邪褌褜褋褟,1
胁蟹邪懈屑芯锌芯谐邪褕邪褌褜,1
胁蟹邪懈屑芯锌褉械胁褉邪褖邪械屑芯褋褌褜,2
胁蟹邪懈屑芯锌褉械胁褉邪褖邪褌褜褋褟,2
胁蟹邪懈屑芯褉邪褋褔械褌,1
胁蟹邪懈屑芯褋胁褟蟹褘胁邪褌褜,1
胁蟹邪懈屑芯褍胁邪卸懈褌械谢褜薪褘泄,1
胁蟹斜褍褕械胁邪褌褜,1
胁蟹胁械锌褌懈胁邪褌褜,1
胁蟹芯褉胁邪谢褟,1
胁蟹芯褉懈屑,1
胁蟹褉,1
胁蟹褉褘胁薪褘泄,1
胁蟹褉褘胁芯芯斜褉邪蟹薪褘泄,1
胁蟹褉褘胁褔邪褌芯褋褌褜,1
胁懈写械芯邪褉褌,1
胁懈写械芯蟹胁芯薪芯泻,1
胁懈写械芯懈褋泻褍褋褋褌胁芯,2
胁懈写械芯泻芯写械泻,2
胁懈写械芯锌褉芯写褍泻褑懈褟,2
胁懈写械芯锌褉芯泻邪褌,1
胁懈写械芯褌械褏薪懈泻邪,1
胁懈写械芯褌褍褉,1
胁懈写泻褍薪,1
胁懈薪芯胁邪褌芯褋褌褜,1
胁懈锌,1
胁懈褋泻芯薪褌懈褌褜,3
胁懈褌胁邪褌械褉褋褉邪薪写,1
胁懈褏芯芯,1
胁懈褏褉械胁芯,1
胁懈褕懈褋褌褋泻懈泄,1
胁泻谢,1
胁泻谢械泄泻,12
胁泻谢械泄褟,1
胁泻褍褋薪芯褋褌褜,1
胁谢邪褋褌懈褕芯泻,1
胁屑褏褏邪,1
胁薪械胁械写芯屑褋褌胁械薪薪褘泄,1
胁薪械写芯谐芯胁芯褉薪褘泄,3
胁薪械写褉械薪褔械褋泻懈泄,1
胁薪械泻谢邪褋褋芯胁褘泄,1
胁薪械谢懈褌械褉邪褌褍褉薪褘泄,1
胁薪械谢懈褔薪芯褋褌薪褘泄,1
胁薪械谢褌薪褘泄,1
胁薪械芯泻褌褟斜褉褜褋泻懈泄,2
胁薪械芯褎懈褑懈邪谢褜薪褘泄,1
胁薪械锌邪褉谢邪屑械薪褌褋泻懈泄,2
胁薪械锌械薪懈褌褜,1
胁薪械锌谢邪薪芯胁褘泄,1
胁薪械褋械屑械泄薪褘泄,2
胁薪械褕屑芯褝泻芯薪芯屑懈褔械褋泻懈泄,1
胁薪械褝屑芯褑懈芯薪邪谢褜薪褘泄,1
胁薪褍褌褉懈械胁褉芯锌械泄褋泻懈泄,1
胁薪褍褌褉懈蟹胁械蟹写薪褘泄,1
胁薪褍褌褉懈芯褌褉邪褋谢械胁芯泄,2
胁薪褍褌褉懈锌械褉械屑械褋褌懈褌褜,1
胁薪褍褌褉懈褉械谐懈芯薪邪谢褜薪褘泄,6
胁薪褍褌褉懈褝褌薪懈褔械褋泻懈泄,3
胁芯胁谢械褔械薪薪芯械褌褜,1
胁芯写芯褉械褋褍褉褋,1
胁芯写芯褉械褋褍褉褋薪褘泄,1
胁芯械薪泻芯屑,1
胁芯械薪薪芯褏芯蟹褟泄褋褌胁械薪薪褘泄,1
胁芯蟹写褍褕泻,1
胁芯蟹薪懈泻薪懈胁械薪懈械,1
胁芯蟹薪懈泻薪芯胁,1
胁芯泄薪懈褑泻懈泄,1
胁芯泻邪谢懈褋褌,1
胁芯谢械泄,1
胁芯谢械锌芯谢泻,1
胁芯谢芯褕懈薪褋泻,1
胁芯谢褜胁芯,1
胁芯谢褜褌邪屑锌械褉薪褘泄,8
胁芯谢褜褕械胁懈泻,1
胁芯谢褞薪褌邪褉懈蟹屑,1
胁芯芯褉褍卸械泄薪褘泄,1
胁芯褉芯薪泻芯胁,1
胁芯褋薪芯胁薪褘泄,1
胁芯褋褌芯褔薪芯械胁褉芯锌械械褑,1
胁芯褋褜屑懈谐芯谢芯胁褘泄,1
胁芯褋褜屑懈泻褉邪褌薪褘泄,1
胁芯褋褜屑懈谢械褌懈械,1
胁芯褋褜屑懈谢械褌泻邪,1
胁芯褌褌芯屑,1
胁芯褌褍屑,2
胁芯褔械谢芯胁械褔懈褌褜褋褟,2
胁锌械褔邪褌褘胁邪薪懈械,1
胁锌械褔邪褌褘胁邪褌褜褋褟,1
胁锌褉邪,1
胁褉邪褑邪褌械谢褜薪褘泄,1
胁褉褜胁褉邪褌褜,1
胁褋械邪屑械褉懈泻邪薪褋泻懈泄,1
胁褋械胁懈写械薪懈械,1
胁褋械谐械褉屑邪薪褋泻懈泄,1
胁褋械芯斜褍褔,1
胁褋械锌谢邪薪械褌邪褉薪褘泄,2
胁褋械褍薪懈褔褌芯卸械薪懈械,1
胁褋械褏褏邪,1
胁褋芯褋褌邪胁,2
胁褋褉械写邪,1
胁褋褉锌,1
胁褌芯褋芯,3
胁褍写械薪薪芯泄,1
胁褍谢胁芯褉褌,1
胁褏锌芯,1
胁褔褍胁褋褌胁芯胁邪薪懈械,1
胁褕邪,1
胁褕褋褉,1
胁褘胁芯写懈屑芯褋褌褜,1
胁褘胁褋,1
胁褘谐褉芯屑懈褌褜,1
胁褘谐褉褍褋褌懈褌褜,1
胁褘写胁懈谐邪薪懈械,2
胁褘蟹胁邪胁懈褌懈械,1
胁褘泄薪褘泄,1
胁褘泻懈锌褟褔懈胁邪褌褜,1
胁褘谢邪屑褘胁邪薪懈械,2
胁褘谢芯屑懈褌褜褋褟,1
胁褘屑褔邪褌褜,1
胁褘锌谢邪泻懈胁邪褌褜褋褟,2
胁褘锌谢械褋泻懈胁邪薪懈械,1
胁褘褉械胁械褌褜,1
胁褘褋芯泻芯斜褞写卸械褌薪褘泄,1
胁褘褋芯泻芯锌芯褋褌邪谢械薪薪褘泄,1
胁褘褋芯泻芯褌邪谢邪薪褌谢懈胁褘泄,1
胁褘褋芯泻芯褍褉斜邪薪懈蟹芯胁邪褌褜,1
胁褘褋芯泻芯褑械薪懈屑褘泄,1
胁褘褋褌芯薪邪褌褜,1
胁褘褌械谐芯褉褋泻懈泄,1
胁褘褌褉褟褋褌褜,1
胁褘褔械褉褌邪褌褜,1
胁褘褔懈褌褘胁邪褌褜褋褟,1
胁褘褕械写褌褌褘泄,1
胁褘褕懈斜邪薪懈械,1
胁褜械褌泻芯薪谐芯胁械褑,2
胁褜械褌屑懈薪,1
胁褜械褌薪邪屑懈蟹邪褑懈褟,2
胁褜懈褌,1
胁褝谢谢懈,1
谐邪斜褉懈邪泻,3
谐邪胁邪械褑,2
谐邪谐邪褉懈薪褋泻懈泄,1
谐邪卸械胁褋泻懈泄,1
谐邪蟹芯写懈薪邪屑懈褔械褋泻懈泄,1
谐邪谢邪泻褌懈泻芯褋,1
谐邪谢谢懈锌芯谢懈泄褋泻懈泄,2
谐邪谢褜胁邪泻褋,2
谐邪谢褜胁邪薪芯褋褌械谐懈褟,6
谐邪屑斜褉懈薪褍褋,1
谐邪薪褌,1
谐邪褉斜芯,1
谐邪褉械谢懈薪,1
谐邪褉屑芯薪懈蟹懈褉芯胁邪褌褜褋褟,1
谐邪褉屑芯薪薪褘泄,1
谐邪褋胁懈蟹邪,1
谐邪褋锌械褉懈,10
谐胁邪褌械屑邪谢械褑,1
谐胁邪褌械屑邪谢褜褋泻懈泄,2
谐胁褘写械谢褟褌褜,1
谐谐芯写胁械褉褔懈褌褜褋褟,1
谐写械邪,1
谐写械谐,2
谐写械褉,1
谐写褋芯蟹褎,1
谐械胁邪褉,5
谐械谐械屑芯薪懈褋褌懈褔械褋泻懈泄,1
谐械写械谢褜,1
谐械写芯屑,1
谐械蟹芯锌邪锌褌,1
谐械谢懈芯褝薪械褉谐械褌懈泻邪,1
谐械谢谢邪,1
谐械谢褜胁械褑懈泄,1
谐械谢褜写械褉谢懈薪邪,1
谐械薪芯谐械芯谐褉邪褎懈褌褜,1
谐械芯谐谢芯斜邪谢懈褋褌懈泻,3
谐械芯谐褉邪褎懈褔薪褘泄,1
谐械芯褉谐懈褍,1
谐械芯褑械薪褌褉懈褔械,1
谐械褉邪锌邪褌懈褌,1
谐械褉屑邪薪懈蟹屑,1
谐械褉芯懈褔薪褘泄,1
谐械褉褑褕锌褉褍薪谐,1
谐械褌械胁褋泻懈泄,1
谐械褌褜屑邪薪褋褌胁芯,1
谐蟹褌,1
谐蟹褕褋褉,1
谐蟹褕褎,2
谐懈斜械谢褜薪芯褋褌褜,1
谐懈写褉芯泻邪褉斜芯薪邪褌薪褘泄,1
谐懈泄褟褉,1
谐懈谢,1
谐懈谢械泄褑,1
谐懈谢褟褑褘泄,1
谐懈锌械褉斜芯谢懈蟹懈褉芯胁邪薪薪褘泄,2
谐懈锌械褉斜芯谢懈蟹屑,1
谐懈锌械褉斜芯谢懈蟹芯胁邪褌褜,1
谐懈锌械褉谐械芯屑械褌褉懈褔械褋泻懈泄,5
谐懈锌械褉芯薪,5
谐懈锌械褉褉械邪谢懈蟹屑,1
谐懈褋褌械褉械蟹懈褋,7
谐懈褟,1
谐谢邪胁薪邪褔锌褍锌褋,1
谐谢邪褕械薪懈械,1
谐谢芯斜邪谢懈蟹懈褉芯胁邪褌褜,1
谐谢芯斜邪谢懈蟹屑,1
谐谢芯斜邪谢懈蟹褍褞褖懈泄褋褟,1
谐谢芯斜邪谢懈褋褌,1
谐谢芯斜邪谢懈褋褌懈泻,1
谐谢芯斜邪谢懈褋褌懈泻邪,1
谐谢褍褕械薪懈械,2
谐屑谢褏邪,1
谐芯写械褋斜械褉谐褋泻懈泄,2
谐芯谢邪薪褋泻懈泄,3
谐芯谢谢懈蟹屑,3
谐芯谢谢懈褋褌,2
谐芯谢芯蟹械褉薪褘泄,1
谐芯谢褍斜芯褌褍褋泻谢褘泄,1
谐芯谢褘蟹懈薪邪,1
谐芯谢褜褕褌械泄薪,1
谐芯屑懈薪写邪薪,10
谐芯屑懈薪写邪薪芯胁械褑,1
谐芯屑懈薪褜写邪薪,4
谐芯屑芯褋械泻褋褍邪谢懈褋褌,1
谐芯屑芯褌械褌懈褟,3
谐芯屑褍谢泻邪,2
谐芯薪写,1
谐芯薪写谢芯,1
谐芯薪芯褉薪褘泄,1
谐芯褉斜邪褌懈褌褜,3
谐芯褉谢邪薪,3
谐芯褉褜泻芯胁褋泻,1
谐芯褋斜褞写卸械褌,1
谐芯褋蟹邪泻邪蟹,2
谐芯褋芯褉谐邪薪,1
谐芯褋锌芯褋褌邪胁泻邪,1
谐芯褋锌褉械写锌褉懈褟褌懈械,2
谐芯褋褋械泻褌芯褉,1
谐芯褋褋谢褍卸斜邪,10
谐芯褋褏褉邪薪懈谢懈褖械,1
谐芯褎屑邪薪褋褌邪谢褜,1
谐褉邪斜懈卸泻邪,1
谐褉邪写芯芯蟹械谢械薪械薪懈械,1
谐褉邪写芯锌褉邪胁谢械薪懈械,1
谐褉邪薪写懈芯褋,1
谐褉邪薪褍谢褟褑懈褟,4
谐褉邪褎芯胁褘泄,1
谐褉械斜械薪褖懈泻,1
谐褉械蟹懈谢懈褖械,1
谐褉械蟹懈褌胁邪,1
谐褉械蟹芯褎邪褉褋,4
谐褉械蟹褝褉泻懈,1
谐褉械褕薪芯褋褌褜,1
谐褉懈屑懈褉芯胁邪褌褜,1
谐褉芯屑邪写褜褟,1
谐褉芯薪褋泻懈泄,3
谐褉褍蟹薪芯褋褌褜,1
谐褉褍锌锌懈褉芯胁邪薪懈械,1
谐褉褘屑蟹懈泻,1
谐褉褝泄,3
谐褋邪褌褜,1
谐褌邪,1
谐褍邪写邪褌褜,1
谐褍褉芯,2
谐褍褋械泻褉邪写邪,1
谐褘褋,1
谐褝谢斜褉械泄褌,1
写邪写邪懈蟹屑,5
写邪写邪懈褋褌,5
写邪谢谢械褋邪,1
写邪谢褜薪械泄懈褌褘泄,1
写邪谢褜褕邪,1
写邪薪谢芯锌,1
写邪薪褋泻芯胁邪褌褜,1
写邪薪褑懈谐芯,1
写邪芯谐,1
写邪褌褔,1
写胁邪写褑邪褌懈胁芯褋褜屑懈谢械褌薪懈泄,1
写胁邪写褑邪褌懈锌褟褌懈褌褘褋褟褔薪懈泻,1
写胁邪写褑邪褌懈褋械屑懈谢械褌薪懈泄,1
写胁懈胁懈写懈屑褘泄,1
写胁懈谐邪褌械谢械褋褌褉芯械薪懈械,1
写胁懈卸械薪褔械褋泻懈泄,2
写胁芯械屑懈褉懈泄,1
写胁芯泄褋褌胁械薪,1
写胁褍谐芯谢芯褋懈械,2
写胁褍褋胁褟蟹薪褘泄,3
写胁褍褋锌懈褉邪谢褜薪褘泄,1
写胁褍褌邪胁褉,1
写胁褍褏斜邪泄褌薪褘泄,1
写胁褍褏斜懈褌薪褘泄,1
写胁褍褏谢械褌懈械,1
写胁褍褏屑械褉薪芯褋褌褜,1
写胁褍褏锌芯谢褍锌械褉懈芯写薪褘泄,2
写胁褍褏锌芯谢褞褋薪褘泄,1
写胁褍褏锌褉芯胁芯写薪芯泄,1
写胁褍褏褋芯褌屑懈谢谢懈邪褉写薪褘泄,1
写胁褍褏褔邪褋褌薪芯械,1
写胁褍褏褝谢械泻褌褉芯写薪褘泄,3
写谐械,1
写械胁邪谢褜胁懈褉芯胁邪褌褜,3
写械胁懈邪薪褌薪褘泄,1
写械谐械薪械褉邪褌,1
写械写芯胁褖懈薪邪,2
写械卸,1
写械蟹懈薪褌械谐褉邪褌懈胁薪褘泄,1
写械蟹懈薪褌械谐褉邪褑懈褟,4
写械蟹芯写芯褉懈褉芯胁邪薪懈械,1
写械蟹芯褉懈械薪褌懈褉芯胁邪褌褜,1
写械懈薪写褍褋褌褉懈邪谢懈蟹邪褑懈褟,4
写械泄褋褌,1
写械泄褌械褉懈写,2
写械泄褌芯薪褋泻懈泄,2
写械泄褌褉芯薪,5
写械泻邪写械薪褌,6
写械泻邪写械薪褌褋泻懈泄,10
写械泻邪写械薪褌褋褌胁芯,6
写械泻邪屑械褉芯薪,1
写械泻邪褉褌械谢懈蟹邪褑懈褟,3
写械泻谢邪褉懈褉芯胁邪薪懈械,2
写械泻芯薪褋褌褉褍泻褌懈胁懈蟹屑,1
写械泻芯薪褋褌褉褍泻褌懈胁懈褋褌,1
写械泻芯褉邪褌芯褉褋泻懈泄,1
写械谢械谐懈褉芯胁邪褌褜褋褟,1
写械屑邪褋褋懈褎懈泻邪褑懈褟,1
写械屑械褉泻褍褉懈蟹邪褑懈褟,1
写械屑芯泻褉邪褌懈褔褋褋泻懈泄,1
写械屑芯薪褌邪卸,9
写械屑芯薪褌懈褉芯胁邪褌褜褋褟,1
写械薪邪褑懈芯薪邪谢懈蟹懈褉芯胁邪褌褜,1
写械薪写褉芯谐褉邪屑屑,17
写械薪写褉芯谐褉邪屑屑邪,4
写械薪懈褑,1
写械薪懈褑械,1
写械薪芯屑懈薪邪褑懈褟,1
写械薪芯褉屑邪谢懈蟹邪褑懈褟,1
写械薪褋邪褌芯褉,1
写械锌械褉褋芯薪邪谢懈蟹邪褑懈褟,1
写械褉卸邪胁薪芯,1
写械褉卸邪胁薪芯褋褌褜,2
写械褉蟹邪褌褜褋褟,1
写械褋邪薪褌懈褉芯胁邪谢懈褌褜褋褟,1
写械褋邪褉褉芯谢褜懈蟹屑,1
写械褋褋邪褌褜,1
写械褋褌邪斜懈谢懈蟹懈褉芯胁邪褌褜褋褟,1
写械褋褌邪谢懈薪懈蟹邪褑懈褟,4
写械褋褟褌懈锌芯写褗械蟹写薪褘泄,1
写械褋褟褌褋褌械泻谢褟薪薪褘泄,1
写械褌械泻褌懈褉芯胁邪褌褜褋褟,1
写械褌褋泻芯,1
写械褍褉斜邪薪懈蟹邪褑懈褟,1
写械褎芯褉屑懈褉芯胁邪薪薪芯褋褌褜,1
写械褏泻邪薪,1
写械褑械薪褌褉邪谢懈蟹芯胁邪褌褜,2
写械褕械械胁褘褟,1
写械褟褌械谢褘褕褋褌褜,1
写械褟褌械谢褜薪芯褋褌褗,1
写卸械泄褏邪薪,1
写卸械褉褉懈屑械薪写械褉懈薪谐,9
写卸懈薪褋芯屑,1
写卸芯褍谢械胁褘泄,2
写蟹械薪,1
写懈邪谢芯谐懈蟹屑,1
写懈邪谢芯谐懈褔薪褘泄,1
写懈邪屑邪谐薪械褌懈蟹屑,3
写懈邪屑邪谐薪械褌懈泻,11
写懈邪屑邪谐薪懈褌薪褘泄,1
写懈邪褑懈芯薪薪褘泄,1
写懈胁械褉褋懈褎懈褑懈褉芯胁邪褌褜,7
写懈蟹械谢褜谐械薪械褉邪褌芯褉,1
写懈蟹械谢褜褝谢械泻褌褉芯褏芯写,1
写懈泻芯胁邪褌芯,1
写懈谢械褌邪薪褖懈薪邪,1
写懈屑懈褌褉芯胁褘泄,1
写懈薪邪屑芯胁械褑,2
写懈薪邪褌邪,1
写懈褉懈卸懈褉芯胁邪褌褜褋褟,1
写懈褉芯胁泻邪,1
写懈褋泻褍褋褋懈褉芯胁邪褌褜褋褟,1
写懈褋谢芯褑懈褉芯胁邪薪薪褘泄,1
写懈褋锌械褌褔械褉褋泻懈泄,1
写懈褋褋芯薪懈褉芯胁邪褌褜,1
写懈褎懈泻邪褑懈褟,1
写懈褎褎械褉械薪褑懈褉芯胁邪薪薪芯,1
写懈褎褎械褉械薪褑懈褉褍械屑芯褋褌褜,2
写懈褑邪,1
写谢懈薪薪芯褎芯泻褍褋薪褘泄,2
写谢褌胁芯,1
写薪械胁薪懈泻芯胁芯褋褌褜,2
写薪械锌褉芯锌械褌褉芯胁褋泻懈泄,1
写芯胁械褋,1
写芯谐屑邪褌懈蟹屑,1
写芯写褍屑褘胁邪薪懈械,1
写芯蟹胁芯谢械薪薪芯褋褌褜,1
写芯懈褌械谢褜,2
写芯泻芯谢芯薪懈邪谢褜薪褘泄,1
写芯泻褉懈泻懈胁邪褌褜褋褟,1
写芯泻褉懈褌懈褔械褋泻懈泄,1
写芯泻褌褉懈薪械褉褋泻懈泄,1
写芯泻褍屑械薪褌邪谢懈褋褌懈泻邪,1
写芯泻褍屑械薪褌薪褘泄,4
写芯谢谐芯胁褉械屑械薪薪芯褋褌褜,2
写芯谢谐芯褋褉芯褔薪薪褘泄,1
写芯谢谢邪褉芯胁褘泄,1
写芯谢褜薪懈泻,3
写芯锌械褔邪褌褘胁邪褌褜,1
写芯锌褍褋邪,1
写芯褉写芯薪褜,1
写芯褉褌屑褍薪写褋泻懈泄,1
写芯褋泻芯薪邪谢褜薪褘泄,1
写芯褋芯蟹写邪褌褜,1
写芯褌邪褑懈芯薪薪褘泄,1
写芯褌懈褉芯胁邪薪懈械,1
写锌芯,1
写锌褜褝,1
写褉邪泻芯薪褕邪,1
写褉邪屑邪褌懈蟹邪褑懈褟,1
写褉邪屑邪褌懈蟹懈褉芯胁邪褌褜褋褟,2
写褉邪屑邪褌褍褉谐懈褔薪芯褋褌褜,1
写褉蟹薪褍褌褜,1
写褉芯褌,1
写褋写薪褘泄,1
写褍邪薪褌,9
写褍邪薪褌芯,1
写褍斜褔械泻,7
写褍写懈薪褋泻懈泄,1
写褍写芯褉,1
写褍蟹,1
写褍薪谐邪薪懈薪,1
写褍褉薪芯胁泻邪,3
写褍褏芯胁薪芯薪褉邪胁褋褌胁械薪薪褘泄,1
写褍褕械褍褋褌褉芯泄褋褌胁芯,1
写褏褏,1
写褘褉写,1
写褜褌褜,5
写褞胁械褉卸械,1
写褞薪邪薪芯屑,1
写褞薪泻械褉泻褋泻懈泄,2
械邪褏锌褏邪,1
械斜褏,1
械胁械褉褏薪芯胁褘泄,1
械胁泻谢懈写芯胁褘泄,1
械胁褉邪褌芯屑,1
械胁褉械泄褋泻芯,1
械胁褉芯邪褌谢邪薪褌懈褔械褋泻懈泄,1
械胁褉芯邪褌芯屑,2
械胁褉芯蟹芯薪邪,1
械胁褉芯泻芯屑屑褍薪懈蟹屑,3
械胁褉芯泻芯屑屑褍薪懈褋褌,1
械胁褉芯泻芯屑屑褍薪懈褋褌懈褔械褋泻懈泄,1
械胁褉芯泻芯薪褋褌懈褌褍褑懈褟,1
械胁褉芯锌邪褏薪褍褌褜,1
械胁褉芯锌械懈蟹屑,2
械胁褉芯褉邪泄芯薪,2
械胁褉芯褉邪泻械褌薪褘泄,1
械胁褉芯褌褍薪薪械谢褜,1
械写懈屑芯屑械薪褌,1
械写懈薪懈褔薪芯褋褌褜,1
械写懈薪芯褔褍胁褋褌胁懈械,1
械写芯胁邪褌械谢芯,1
械械邪,2
械械懈泄,1
械械谢褜,1
械卸懈屑邪褌褜褋褟,1
械卸芯胁褖懈薪邪,2
械蟹邪锌懈褋褘胁邪褌褜褋褟,1
械屑邪褌,3
械屑蟹,1
械屑芯褔褜,1
械芯械谐,1
械芯芯谐胁械褔褜,1
械锌褏,1
械褉械褏芯写,1
械褉薪懈褔邪褌褜,1
械褉褌薪,1
械褉褎芯蟹,1
械褋胁,2
械褋械薪懈薪芯胁械写械薪懈械,1
械褋械薪懈薪褋泻,1
械褋褌械褋褌胁械薪薪懈泻,1
械褋褍泻褝,1
械褌械褏褌,2
械褌褉芯胁,1
械褍泻邪蟹邪褌褜,1
械褏褏,1
卸邪斜斜薪褍褌褜,1
卸邪斜芯褌懈薪褋泻懈泄,1
卸邪褋屑懈薪芯胁褘泄,1
卸械谢邪褌懈薪芯胁褘泄,1
卸械薪薪芯褋褌褜,1
卸械薪芯泻谢褍斜,1
卸械褋褌芯泻芯胁褘泄薪褘泄,1
卸懈胁泻芯胁褘,1
卸懈胁芯锌懈褋邪薪懈械,1
卸懈蟹薪械芯褖褍褖械薪懈械,10
卸懈蟹薪械锌芯褉褟写芯泻,1
卸懈蟹薪械褌胁芯褉褔械褋褌胁芯,1
卸懈蟹薪械褍褋褌褉芯泄褋褌胁芯,1
卸懈薪薪褘泄,1
卸懈褌懈薪泻懈薪邪,1
卸芯薪芯屑懈泻,1
蟹邪斜械谐邪薪懈械,1
蟹邪斜谢邪谐芯胁褉械屑械薪薪褘泄,1
蟹邪胁褍邪谢懈褉芯胁邪褌褜,1
蟹邪胁褘褕邪褌褜褋褟,1
蟹邪谐褉褍蟹懈褌褜褋褟,1
蟹邪写械泄褋褌胁芯胁邪薪懈械,1
蟹邪蟹懈屑芯泻,1
蟹邪泻邪褉锌邪褌懈械,2
蟹邪泻芯褉懈泻懈薪邪,1
蟹邪谢芯褏屑邪褌械褌褜,1
蟹邪屑褍褌薪械薪薪芯褋褌褜,1
蟹邪薪懈卸械薪薪芯褋褌褜,1
蟹邪芯褉谐邪薪懈蟹芯胁邪薪薪芯褋褌褜,1
蟹邪锌邪写薪芯斜械谢芯褉褍褋褋泻懈泄,1
蟹邪锌邪写薪芯谐械褉屑邪薪褋泻懈泄,4
蟹邪锌械褔邪褌谢褟褌褜褋褟,1
蟹邪锌懈褋邪薪薪褘泄,1
蟹邪锌谢邪褔泻邪,1
蟹邪锌褉芯褋蟹邪泻邪蟹,3
蟹邪锌褉芯褋蟹邪褉锌谢邪褌邪,1
蟹邪锌褉芯褋泻芯,1
蟹邪锌褉芯褋泻芯锌谢邪褌邪,1
蟹邪锌褉芯褋芯褔芯泻,2
蟹邪锌褉褍写褋泻懈泄,1
蟹邪褉褘褋懈褌褜,1
蟹邪褋胁械褌泻邪,3
蟹邪褋械泻褉械褔懈胁邪褌褜褋褟,1
蟹邪褋褌褉芯泄褖懈泻,2
蟹邪褋褌褘谢芯褋褌褜,1
蟹邪褌械谢褜薪褘泄,1
蟹邪褍屑薪褘泄,5
蟹邪褍屑褜,3
蟹邪褍褝褉邪,2
蟹邪褕,1
蟹胁械蟹写薪芯褋褌褜,1
蟹胁芯褉褘褔薪褘泄,1
蟹胁褍泻芯胁芯褋锌褉芯懈蟹胁芯写褟褖懈泄,1
蟹写褉邪胁芯屑褘褋械谢,1
蟹械谐械褉褋,1
蟹械谢械薪芯卸械谢褌褘泄,1
蟹械屑谢械懈薪褌械薪褋懈胁薪褘泄,1
蟹械褌褌邪斜邪泄褌,1
蟹蟹褌,1
蟹蟹褌褏,1
蟹蟹褕褏邪,2
蟹懈邪锌,2
蟹懈泄褋泻懈泄,1
蟹懈屑锌谢芯薪芯,1
蟹懈薪芯胁褜械胁褋泻懈泄,1
蟹泻芯薪芯屑锌褔械褋泻薪褏,1
蟹谢邪褌芯谢芯斜褘泄,1
蟹谢邪褌芯锌芯谢写械薪褜,1
蟹谢邪褌芯褍褋褌褘泄,1
蟹谢械泻褌褉芯薪,1
蟹谢芯褍锌芯褌褉械斜械薪懈械,1
蟹薪邪泻芯锌械褉械屑械薪薪褘泄,1
蟹薪械泄褌褉芯薪褔懈泻,1
蟹芯谢芯褌芯锌懈褋褜屑芯,1
蟹芯薪写邪卸,1
蟹锌泻褉邪,1
蟹锌芯褏邪,1
蟹褉懈褌械谢褜薪芯褋褌褜,1
蟹褋芯蟹,5
蟹褋芯蟹蟹褏邪,1
蟹褋芯蟹褏邪,1
蟹褌蟹褏邪,1
蟹褌谢,1
蟹褌芯,2
蟹褌褏,8
蟹褏谐褏邪,1
蟹褏锌,3
蟹褏锌斜褏邪,1
蟹褏锌褎,1
蟹褏锌褏邪,5
蟹褏褍谐邪,1
蟹褕邪,2
蟹褕斜邪,2
蟹褕械谢芯锌邪褏,1
蟹褕褎,2
蟹褕褏,12
蟹褕褏褋芯蟹褏邪,1
蟹褝谢械泻褌褉芯薪薪褘泄,1
懈邪褏,1
懈斜械褉懈泄褋泻芯,1
懈胁邪薪褌械械胁褋泻懈泄,1
懈胁械褌邪,1
懈谐斜褘泄,1
懈谐褉芯屑邪薪懈褟,1
懈写械谢褜薪褘泄,1
懈写械芯泻褉邪褌懈褟,1
懈写械芯谢芯谐懈蟹邪褑懈褟,2
懈写械芯谢芯谐懈蟹懈褉芯胁邪薪薪褘泄,2
懈写械芯谢芯谐芯,2
懈写懈芯褌褋褌胁芯,1
懈械锌邪褉械薪懈械,1
懈械褉邪褉褏懈蟹懈褉芯胁邪褌褜,1
懈械褉邪褉褏懈蟹屑,1
懈卸写懈胁械薪褔械褋泻懈泄,1
懈蟹胁邪褟薪薪芯褋褌褜,1
懈蟹胁芯谢褜褋泻懈泄,1
懈蟹懈泄,1
懈蟹谢褍褔,2
懈蟹谢褍褔械薪褜,2
懈蟹屑械谢褜褔懈褌褜褋褟,1
懈蟹屑械薪薪芯泄,1
懈蟹薪械屑芯卸写械薪薪褘泄,1
懈蟹芯谢褟褑懈芯薪懈蟹屑,3
懈蟹芯谢褟褑懈芯薪懈褋褌,1
懈蟹芯褌芯锌懈褔械褋泻懈泄,4
懈蟹褉,1
懈蟹褘屑邪薪懈褟,2
懈懈写蟹懈屑邪,3
懈懈写芯薪械蟹懈褟,1
懈谢邪蟹屑械薪薪褘泄,1
懈谢懈械褋泻邪,1
懈谢懈泻邪褌懈芯薪,1
懈谢谢褞褋褌褉邪褌懈胁薪芯褋褌褜,1
懈谢褗褎,1
懈屑邪卸邪,1
懈屑邪卸懈薪懈褋褌褋泻懈泄,1
懈屑械泻懈褑懈泄,1
懈屑械褌褉芯胁褘泄,1
懈屑屑懈谐褉懈褉芯胁邪褌褜,1
懈屑锌芯褉褌蟹邪屑械薪褟褌褜,1
懈屑锌芯褉褌芯蟹邪屑械薪褟褌褜,1
懈屑锌芯褉褌芯蟹邪屑械褖械薪懈械,1
懈屑锌褉械褋褋懈芯薪懈褋褌褋泻懈泄,3
懈薪邪泻芯褋褌褟,1
懈薪胁邪泄褉芯薪屑械薪褌,3
懈薪胁邪褉懈邪薪褌,28
懈薪胁械褉褋薪褘泄,7
懈薪谐屑邪褉邪,1
懈薪写邪褌褜,1
懈薪写械泻褋邪褌芯褉,1
懈薪写褍泻,2
懈薪写褍褋褌褉懈邪谢懈蟹懈褉芯胁邪薪薪褘泄,1
懈薪写褍褋褌褉懈邪谢懈蟹芯胁邪褌褜褋褟,1
懈薪写褍褑懈褉芯胁邪薪懈械,1
懈薪懈薪械懈褌懈褘械,1
懈薪懈薪懈薪薪懈褟,1
懈薪懈褑懈,1
懈薪泻邪锌褋褍谢褟褑懈褟,12
懈薪芯褋泻邪蟹邪褌械谢褜,1
懈薪褋褌懈褌褍褑懈芯薪邪谢懈蟹邪褑懈褟,1
懈薪褌械谐褉懈褉芯胁邪薪懈械,6
懈薪褌械谐褉懈褉芯胁邪薪薪芯褋褌褜,1
懈薪褌械薪械薪胁薪芯褋褌褜,1
懈薪褌械褉邪泻褌懈胁,1
懈薪褌械褉薪懈褉芯胁邪褌褜,1
懈薪褌械褉锌芯谢褟褑懈褟,6
懈薪褌械褉褌械泻褋褌褍邪谢褜薪芯褋褌褜,2
懈薪褌械褉褎械褉芯屑械褌褉,3
懈薪褌褉,1
懈薪褌褉邪褋芯褑懈械褌邪谢褜薪褘泄,2
懈薪褌褕褍褌,1
懈薪褎懈泻褋薪褘泄,4
懈薪褎谢褟褑懈芯薪薪褘泄,6
懈薪褎芯,1
懈薪褎芯褉屑邪褑懈芯薪薪芯泻芯屑屑褍薪懈泻邪褑懈芯薪薪褘泄,1
懈芯写谢褜,1
懈芯薪懈蟹芯胁邪褌褜褋褟,2
懈芯薪懈蟹褟,1
懈芯薪薪芯褋褌褜,1
懈芯薪褘泻邪褌褜,1
懈芯褋,1
懈芯褎邪薪邪,1
懈褉谐褍薪,1
懈褉械谢褟褌懈胁懈褋褌褋泻懈泄,1
懈褉芯胁邪褌褜,1
懈褉褉邪褑懈芯薪邪谢懈褋褌懈褔械褋泻懈泄,1
懈褉褉械邪谢褜薪芯褋褌褜,1
懈褋泻邪卸械懈懈械,1
懈褋谢邪屑懈蟹屑,2
懈褋谢邪屑懈褋褌,1
懈褋谢邪屑懈褋褌褋泻懈泄,2
懈褋锌邪薪芯褟蟹褘褔懈褘泄,1
懈褋锌邪薪芯褟蟹褘褔薪褘泄,3
懈褋锌芯谢褜,1
懈褋锌芯谢褜蟹褍薪褍谐邪,1
懈褋锌芯谢褜蟹褞胁邪薪懈械,1
懈褋锌褍褋,1
懈褋褌械褔薪懈泻薪褍褌褜,1
懈褋褌芯褍,1
懈褋褑械谢褟褞褖懈泄,1
懈褋褞褉懈泻,1
懈褌邪泄锌,2
懈褌褝褉,1
懈褏褔邪褋褌芯褌邪,1
懈褑褌褌胁芯,1
泄械谢械,1
泄芯写芯胁芯写芯褉芯写,1
泄锌褏,1
泄褍褏,1
泄褘褕褕芯,1
泻邪胁褕懈泄褋褟,1
泻邪写褉懈褉芯胁邪褌褜,2
泻邪蟹邪褉屑械薪薪芯褋褌褜,1
泻邪泄蟹械褉芯胁褋泻懈泄,1
泻邪谢邪薪褔械胁褋泻懈泄,1
泻邪谢邪褌芯蟹,4
泻邪谢懈褎芯褉薪懈泄,1
泻邪谢懈褎褋褌胁芯胁邪褌褜,1
泻邪谢褟泻,1
泻邪屑械褉薪芯褋褌褜,2
泻邪屑懈谢褜芯,1
泻邪屑褞褉,1
泻邪薪邪写褋泻芯,1
泻邪薪邪褉褘,1
泻邪薪械褌芯,1
泻邪薪薪褋泻懈泄,1
泻邪薪褌邪褉懈褟,1
泻邪薪褌芯,1
泻邪薪褔械谢褜,1
泻邪锌懈褌邪谢芯械屑泻懈泄,4
泻邪锌懈褌邪褌褜,1
泻邪锌芯褉械褌褌芯,2
泻邪锌褌械褉械胁,1
泻邪褉邪谐邪薪写懈薪褋泻懈泄,2
泻邪褉邪屑邪薪谢懈褋,4
泻邪褉斜邪泄写,1
泻邪褉斜芯薪邪褌懈芯锌,1
泻邪褉斜芯褉褍薪写芯胁褘泄,1
泻邪褉写懈芯谢芯谐懈褟,1
泻邪褉写懈芯褏懈褉褍褉谐,1
泻邪褉写褉懈写械褉,1
泻邪褉蟹邪褌褜,2
泻邪褉谢邪泄谢,2
泻邪褉芯胁,1
泻邪褉芯泄褟,1
泻邪褉褋褋泻懈泄,1
泻邪褉褌褍蟹薪懈泻,3
泻邪褋褌芯褉锌芯薪,1
泻邪褌邪褉褋懈褋,2
泻邪褌邪褋褌褉芯褎懈蟹屑,3
泻邪褌邪褎芯褌,1
泻邪褌芯,1
泻邪褌芯写芯谢褞屑懈薪械褋褑械薪褑懈褟,5
泻邪褌褘薪懈,1
泻邪褌褘薪褜,1
泻邪褍泻,1
泻邪褑懈褟,1
泻胁邪写褉邪,1
泻胁邪蟹懈蟹胁械蟹写薪褘泄,2
泻胁邪谢懈褎懈褑懈褉芯胁邪褌褜褋褟,2
泻胁邪屑邪,1
泻胁邪薪褌芯胁邪褌褜褋褟,7
泻胁邪褉泻邪褋,1
泻胁邪褉泻芯胁邪,3
泻胁邪褉泻芯胁褘泄,5
泻胁邪褉褌芯胁褘泄,3
泻胁邪褋芯胁邪褉,1
泻胁邪褋褜薪械胁褋泻懈泄,1
泻胁芯褌懈褉芯胁邪褌褜,1
泻械胁谢邪褉,1
泻械泄写卸,1
泻械泄薪褋懈邪薪褋泻懈泄,4
泻械屑邪谢懈褋褌,1
泻械屑邪谢褟,2
泻械屑懈泻谢,2
泻械褉械薪褋泻懈泄,1
泻械褉卸械薪褋泻懈泄,1
泻械褉褍邪泻,2
泻械褉褍邪泻邪,2
泻械褋褋械谢褜褉懈薪谐,1
泻械褍,6
泻械褍褉邪,14
泻懈斜邪谢褜薪懈泻,1
泻懈斜斜褍褑,1
泻懈泻褍褋邪褌褜,1
泻懈薪芯胁薪褍褕械薪懈械,1
泻懈薪芯谐褉械蟹邪,1
泻懈薪芯写械褟褌械谢褜,1
泻懈薪芯锌械褉褋芯薪邪卸,1
泻懈薪芯锌褉械写锌褉懈薪懈屑邪褌械谢褜,1
泻懈薪芯锌褉芯懈蟹胁芯写褋褌胁芯,2
泻懈薪芯锌褉芯泻邪褌,2
泻懈薪芯褎邪斜褉懈泻邪,1
泻懈薪芯褕械写械胁褉,1
泻懈薪芯褕泻芯谢邪,1
泻懈褋谢芯胁芯写褋泻懈泄,1
泻懈褋褋懈薪写卸械褉,4
泻懈褌械屑邪,1
泻泻胁,1
泻泻谢,1
泻谢邪泄写褋邪泄写邪,1
泻谢邪薪芯胁芯,1
泻谢邪薪芯胁芯褋褌褜,1
泻谢邪褉懈蟹屑,2
泻谢邪褋褋芯胁邪,1
泻谢邪褋褋芯芯斜褉邪蟹芯胁邪褌褜,1
泻谢械褉懈泻邪谢褜薪褘泄,1
泻谢懈械薪褌懈蟹屑,1
泻谢懈屑芯胁泻邪,1
泻谢懈褉懈薪谐芯胁褘泄,1
泻谢谢写,1
泻谢褝褕,1
泻谢褟褔懈薪邪,1
泻薪械褋褋械褌,1
泻芯邪褍懈谢,1
泻芯斜芯,2
泻芯斜褘谢懈薪褋泻懈泄,3
泻芯胁邪褉懈邪褑懈褟,22
泻芯胁斜芯泄褋泻懈泄,1
泻芯胁懈芯,1
泻芯胁褋泻邪泄,1
泻芯谐械褉械薪褌薪芯褋褌褜,20
泻芯谐械褉械薪褌薪褘泄,69
泻芯写写邪,3
泻芯写写芯屑,2
泻芯卸褋褘褉褜械,1
泻芯泄锌械褉芯胁褋泻懈泄,1
泻芯泻邪懈薪芯胁褘泄,1
泻芯泻芯胁械褑,1
泻芯谢械斜,1
泻芯谢械斜邪芯,1
泻芯谢泻邪褌,3
泻芯谢谢邪锌褋懈褉芯胁邪褌褜,1
泻芯谢芯薪懈邪谢懈褋褌褋泻懈泄,1
泻芯谢芯薪懈邪谢褜薪芯褋褘褉褜械胁,1
泻芯谢褍屑斜懈械褑,1
泻芯屑邪薪写懈褉芯胁邪薪懈械,1
泻芯屑斜懈薪邪褌芯褉,1
泻芯屑懈薪褎芯褉屑斜褞褉芯,1
泻芯屑懈褋褋邪褉褋泻懈泄,1
泻芯屑屑邪薪写邪薪褌,1
泻芯屑屑褍薪懈褑邪薪懈械,1
泻芯屑锌褉邪写芯褉褋泻懈泄,1
泻芯屑锌褉邪写芯褉褋褌胁芯,1
泻芯屑锌褉芯屑懈褋褋薪芯褋褌褜,1
泻芯屑锌褌芯薪芯胁褋泻懈泄,6
泻芯屑褎芯褉褌邪斜械谢褜薪芯褋褌褜,1
泻芯屑褔胁邪薪褋褌胁芯,1
泻芯薪邪褉屑械械褑,1
泻芯薪胁械褉褌邪褑懈褟,1
泻芯薪泻胁懈褋褌邪写芯褉,2
泻芯薪泻胁懈褋褌邪写芯褉褋褌胁芯,1
泻芯薪泻褍褉械薪褌薪芯褋褌褜,1
泻芯薪褋械褉胁邪褌懈胁薪芯褋褌褜,1
泻芯薪褋锌懈褉邪褌懈胁薪芯褋褌褜,1
泻芯薪褋褌褉褍泻褌懈胁懈褋褌,6
泻芯薪褋褌褉褍泻褌懈胁懈褋褌褋泻懈泄,1
泻芯薪褌褉胁芯锌褉芯褋,1
泻芯薪褌褉锌械褉械胁芯褉芯褌,1
泻芯薪褌褉锌褉芯锌邪谐邪薪写邪,1
泻芯薪褌褉锌褉芯锌邪谐邪薪写懈褋褌褋泻懈泄,1
泻芯薪褌褉褉械胁芯谢褞褑懈芯薪薪芯褋褌褜,1
泻芯薪褌褉褝谢懈褌邪,3
泻芯薪褎芯褉屑懈褋褌,1
泻芯薪褎芯褉屑薪芯褋褌褜,1
泻芯薪褎芯褉屑薪褘泄,1
泻芯薪褎褉芯薪褌邪褑懈芯薪薪褘泄,1
泻芯薪褑械锌褌,1
泻芯薪褑械锌褌褍邪谢懈蟹懈褉芯胁邪褌褜褋褟,1
泻芯薪褑械锌褌褍邪谢懈蟹屑,2
泻芯芯褉,1
泻芯芯褑芯褏芯褍褖懈泄,1
泻芯锌邪泻邪斜邪薪,2
泻芯锌邪褉邪褎懈薪,1
泻芯锌谢邪褌邪,2
泻芯锌谢邪褌锌,1
泻芯锌褎械褉械薪褑懈褟,1
泻芯褉写械斜邪谢械褌,1
泻芯褉薪懈谢芯胁褖懈薪邪,1
泻芯褉芯褌泻芯写械泄褋褌胁懈械,1
泻芯褉芯褌泻芯褎芯泻褍褋薪褘泄,8
泻芯褉褉械谢懈褉芯胁邪薪薪褘泄,1
泻芯褉褉褍锌褑懈芯薪薪褘泄,1
泻芯褉褌懈薪邪,1
泻芯褋懈薪褍褋薪褘泄,1
泻芯褋屑懈蟹屑,3
泻芯褋屑懈褋褌芯胁褘泄,1
泻芯褋屑懈褔械泻懈泄,1
泻芯褋屑懈褔械薪,1
泻芯褋屑芯锌芯谢懈褌懈褔械褋泻懈泄,1
泻芯褋芯胁褋泻懈泄,4
泻芯褋褌褉芯胁,2
泻芯褌械谢褜薪懈褔械褋泻懈泄,1
泻芯褌芯胁褋泻懈泄,1
泻芯褌褉芯屑,1
泻芯褔械谐邪褉泻邪,1
泻芯褕械褔泻懈薪邪,2
泻芯褝褉褑懈褌懈胁薪褘泄,5
泻锌泻,4
泻褉邪褋懈胁械泄褕懈薪,1
泻褉邪褋薪芯胁,1
泻褉邪褋薪芯谐胁邪褉写械泄褋泻懈泄,2
泻褉邪褋薪芯锌械胁械褑,1
泻褉邪褋薪芯褎谢邪谐,1
泻褉邪褋芯褌懈薪械褑,1
泻褉械泄写,1
泻褉械屑薪懈泄芯褉谐邪薪懈褔械褋泻懈泄,1
泻褉懈蟹懈褋薪芯褋褌褜,2
泻褉懈泻芯谐褍斜褘泄,1
泻褉懈屑懈薪邪谢,5
泻褉懈屑懈薪邪谢懈褌械褌,3
泻褉懈屑懈薪芯谢芯谐,3
泻褉懈褋褌邪谢谢械褉,14
泻褉懈褌懈褔械褋泻芯泄褉邪,1
泻褉懈褍褏芯,2
泻褉懈褍褕邪薪,4
泻褉芯屑邪屑锌邪,1
泻褉芯褋褋斜褉邪褍胁械褉薪芯褋褌褜,1
泻褉芯褋褋斜褉邪褍蟹械褉薪芯褋褌褘褘泄,1
泻褉芯褋褋斜褉邪褍蟹械褉薪芯褋褌褜,2
泻褉褍谐芯胁懈薪,1
泻褉褍锌薪械泄锌褌懈械,1
泻褉褍锌薪芯谐芯褉芯写褋泻懈泄,1
泻褉褍锌薪芯褋械褉懈泄薪褘泄,1
泻褉褍锌薪褘屑屑邪,1
泻褉褍锌芯蟹薪褘泄,1
泻褉褍褋泻邪谢,4
泻褉褘谢邪褌芯褋褌褜,3
泻褉褘谢褘褕泻褍泄,2
泻褉褘屑褔邪薪懈薪,1
泻褋懈屑胁芯谢,1
泻褍斜芯褎褍褌褍褉懈蟹屑,3
泻褍斜芯褎褍褌褍褉懈褋褌,5
泻褍蟹薪械褑芯胁褋泻懈泄,1
泻褍泻褉褘懈懈泻褋,1
泻褍谢芯薪芯胁褋泻,1
泻褍谢褜褌蟹褎锌褘泄,1
泻褍谢褜褌褍褉芯褌胁芯褉褔械褋泻懈泄,1
泻褍锌械褉芯胁褋泻懈泄,8
泻褍锌薪懈褑邪,2
泻褍褋懈泻,1
泻褍褌邪懈褋褋泻懈泄,2
泻褍褍褋懈薪械薪褘泄,2
泻褍褔薪芯褋褌褜,1
泻褏泻泻泻褏泻泻,1
泻褏泻褏泻泻泻褏泻泻,1
泻褜泻,1
泻褝胁,2
泻褝屑锌,1
泻褝褉,1
泻褞褉褘泄,1
泻褟蟹懈屑邪,1
谢邪斜懈褉懈薪褌薪芯褋褌褜,1
谢邪斜谢褟褌褜褋褟,1
谢邪斜褍褌懈褌褜,3
谢邪斜褍褌褜,1
谢邪胁懈薪薪褘泄,2
谢邪写芯屑懈褉芯,2
谢邪蟹褌褜,1
谢邪泻褉,1
谢邪屑懈薪懈褉芯胁邪褌褜,2
谢邪薪芯胁褘泄,1
谢邪褌懈褎褍懈写懈褟,1
谢邪褌褉芯屑,1
谢邪褌褍泻芯胁褘泄,1
谢邪褍薪谐邪褉写邪,1
谢邪褏褌懈薪褋泻懈泄,1
谢胁懈械,2
谢胁泻屑,1
谢械斜邪薪懈泄,1
谢械胁邪褑泻懈泄,1
谢械胁邪褔械褋褌胁芯,1
谢械胁懈写,1
谢械胁芯褉邪写懈泻邪谢褜薪褘泄,4
谢械胁褕懈薪褋泻懈泄,1
谢械胁褜械谢褜,1
谢械谐邪谢懈蟹懈褉芯胁邪褌褜褋褟,1
谢械谐邪谢懈蟹芯胁邪褌褜褋褟,1
谢械泄斜芯褉懈蟹屑,2
谢械泄谢械薪写,2
谢械屑邪薪,1
谢械芯薪,1
谢械锌褌芯薪薪邪,3
谢械锌褌芯薪薪褘泄,20
谢械褋芯胁芯褋褋褌邪薪芯胁谢械薪懈械,1
谢械褋芯锌械褉械褉邪斜芯褌泻邪,1
谢械褋芯褉邪蟹褉邪斜芯褌泻邪,3
谢械褎,8
谢械褎芯胁械褑,1
谢械褎芯胁褑邪,1
谢卸械褋胁芯斜芯写邪,1
谢懈斜斜懈,2
谢懈斜械写懈薪褋泻懈泄,1
谢懈斜械褉邪谢褜薪械泄褕懈泄,1
谢懈斜懈写芯,1
谢懈械锌,1
谢懈械锌邪泄,3
谢懈懈蟹邪,1
谢懈泻胁懈写邪褌芯褉褋褌胁芯,1
谢懈薪写械褉,1
谢懈薪懈屑械薪褌,1
谢懈薪褌褜,1
谢懈锌谐邪褉褌,1
谢懈褋褌蟹,1
谢懈褋褌薪懈褑泻懈泄,9
谢懈褋褌褉懈谐芯薪,2
谢懈褌械褉邪褌褍褉懈褘泄,1
谢懈褌褌谢芯,1
谢懈褎邪褉懈褌褜,1
谢屑邪褏,1
谢芯斜斜懈蟹屑,1
谢芯斜斜懈褉芯胁邪薪懈械,1
谢芯斜斜懈褉芯胁邪褌褜褋褟,1
谢芯斜斜懈褋褌,2
谢芯谐邪褉懈褎屑懈褉芯胁邪薪懈械,2
谢芯谐褌邪斜,1
谢芯谐褍薪,1
谢芯写蟹褜,2
谢芯懈写薪褘泄,1
谢芯泻邪谢褜薪芯褋褌褜,1
谢芯泻邪褉薪褋泻懈泄,2
谢芯泻邪褑懈芯薪薪褘泄,1
谢芯谢械泄褌邪,1
谢芯谢谢褜,1
谢芯屑懈谢懈褑邪,1
谢芯褍褉械薪褋懈泄,1
谢芯褎褌懈薪谐,1
谢锌胁锌褋,1
谢褌锌褌褜,1
谢褍斜泻芯胁褘泄,1
谢褍胁械薪芯,1
谢褍泻懈薪芯,2
谢褍屑褍屑斜邪,1
谢褜薪芯胁芯写褔械褋泻懈泄,1
谢褜芯褋邪,1
谢褞斜懈屑芯胁褋泻懈泄,1
谢褞写薪褟泻,1
谢褞屑锌械薪懈蟹邪褑懈褟,1
谢褞锌械薪懈褌褜,1
谢褞褌胁懈褑邪,1
谢褟写懈薪薪邪,1
谢褟褉褘泄,1
屑邪邪褋褌褉懈褏褌邪,1
屑邪谐薪懈褌芯卸械褋褌泻懈泄,5
屑邪谐薪懈褌芯屑褟谐泻懈泄,6
屑邪谐薪懈褌芯褝谢械泻褌褉懈褔械褋泻懈泄,18
屑邪写褉懈写褋泻懈泄,1
屑邪械褋,1
屑邪蟹械褉,1
屑邪蟹芯胁械褑泻懈泄,1
屑邪泻写芯薪邪谢写懈蟹邪褑懈褟,1
屑邪泻泻邪褉褌械薪褜,2
屑邪泻泻邪褉褌懈蟹屑,4
屑邪泻褉芯芯锌褉械写械谢械薪懈械,1
屑邪泻褉芯褋芯褑懈邪谢褜薪褘泄,1
屑邪泻褋懈屑邪谢懈褋褌褋泻懈泄,1
屑邪泻褋懈屑邪谢褟,1
屑邪泻褋懈屑懈蟹懈褉芯胁邪褌褜,1
屑邪谢邪泄褋泻芯,1
屑邪谢芯胁谢懈褟褌械谢褜薪褘泄,1
屑邪谢芯泻邪褉褌懈薪懈械,1
屑邪谢芯泻邪褉褌懈薪褜褟,1
屑邪谢芯泻芯屑锌械褌械薪褌薪褘泄,3
屑邪谢芯芯斜褉邪蟹芯胁邪薪薪芯褋褌褜,1
屑邪谢芯褉械蟹褍谢褜褌邪褌懈胁薪褘泄,1
屑邪谢芯褋芯斜褘褌懈泄薪褘泄,1
屑邪谢芯褌芯胁邪褉薪褘泄,1
屑邪谢芯褝泻芯薪芯屑懈褔薪褘泄,1
屑邪谢褘褕泻懈薪邪,1
屑邪谢褜褌褍蟹懈邪薪褋褌胁芯,2
屑邪谢褟泻,1
屑邪屑芯薪褌褘泄,1
屑邪薪谐褉邪,1
屑邪薪写械谢褘泄,1
屑邪薪写械褋褌褜,1
屑邪薪写芯谢懈薪懈褌,1
屑邪薪懈邪泻邪谢褜薪褘泄,1
屑邪薪懈谢褜褋泻懈泄,1
屑邪薪懈芯泻,2
屑邪薪芯褉,1
屑邪薪褍泄谢懈褏芯,1
屑邪薪褍泄谢懈褏芯泄,1
屑邪薪褏邪褌褌邪褌褜,1
屑邪薪褏械泄屑,1
屑邪芯懈褋褌褋泻懈泄,1
屑邪锌锌,1
屑邪褉谐懈薪邪谢褜薪芯褋褌褜,1
屑邪褉懈邪屑邪,1
屑邪褉懈泻褍褉邪,2
屑邪褉懈薪械褌褌懈,4
屑邪褉泻褋懈褋褌褋泻懈,2
屑邪褉泻褋懈褋褌褋泻芯,2
屑邪褉泻褍薪,1
屑邪褉薪褘泄,1
屑邪褉褋械泄褋邪泄写邪,1
屑邪褉褍褋褟,3
屑邪褉褕邪谢谢懈蟹芯胁邪褌褜,1
屑邪褋谢芯写械谢邪褌械谢褜薪褘泄,1
屑邪褋褋懈褎懈泻邪褑懈褟,1
屑邪褌薪屑,1
屑邪褌褉械褕械褔薪褘泄,1
屑邪褏芯,2
屑邪褏褎褍蟹,1
屑邪褑褍械褋褌褜,1
屑邪褟泻懈薪邪,6
屑邪褟泻芯胁懈蟹屑,1
屑斜褉褉邪,2
屑胁芯胁邪褌褜,2
屑胁芯胁褕,1
屑谐薪,6
屑谐褑,1
屑械邪泻,1
屑械谐邪谢芯锌芯谢懈褋,17
屑械谐邪屑邪褋褕褌邪斜,2
屑械谐邪锌邪褉褋械泻,1
屑械谐邪褋褌褉褍泻褌褍褉邪,4
屑械谐邪褌芯薪薪邪,2
屑械写胁械写懈褑泻懈泄,1
屑械写懈邪泻芯薪褌褉芯谢褜,1
屑械写懈泻褝泄写,1
屑械写懈泻褝褉,1
屑械写薪芯褉芯卸懈泄,1
屑械写褍薪,1
屑械卸斜邪薪泻芯胁褋泻懈泄,1
屑械卸谐褉邪卸写邪薪褋泻懈泄,1
屑械卸芯斜褖懈薪薪褘泄,3
屑械卸芯褉斜懈褌邪谢褜薪褘泄,1
屑械卸芯褋褌褉芯胁薪芯泄,1
屑械卸锌邪褉谢邪屑械薪褌褋泻懈泄,2
屑械卸锌芯褋械谢械薪褔械褋泻懈泄,1
屑械卸褋芯褞蟹薪懈褔械褋泻懈泄,1
屑械泄屑邪薪芯屑,2
屑械泄褌薪械褉懈褟,1
屑械谢邪屑懈写,1
屑械谢械褏芯胁褋泻懈泄,1
屑械谢芯写褉邪屑邪褌懈褔薪褘泄,1
屑械谢芯褔懈薪薪褘泄,1
屑械谢褌邪泄,1
屑械薪谐懈褋褌褘泄,1
屑械薪写械谢械械胁褋泻懈泄,1
屑械薪写械谢褜褋芯薪,1
屑械薪薪懈泻薪褍褌褜,1
屑械薪褌邪褟褌褜,1
屑械薪褘锌,1
屑械薪褘锌懈屑,1
屑械薪褘褕,6
屑械薪褘褕邪褌褜,1
屑械薪褜懈褌,1
屑械薪褜褕邪,1
屑械薪褜褕械胁懈蟹屑,1
屑械褉泻邪薪褌懈谢懈褋褌,4
屑械褉泻邪褋褍褉邪,2
屑械褉泻芯褋褍褉邪,2
屑械褌邪写邪薪薪褘械,2
屑械褌邪谢谢懈褋褌,1
屑械褌邪谢谢芯锌谢邪褋褌懈泻芯胁褘泄,1
屑械褌邪谢谢芯褋懈谢懈泻邪褌薪褘泄,1
屑械褌邪褋褌邪斜懈谢褜薪褘泄,7
屑械褌邪褎芯褉懈泻邪,1
屑械褌邪褟谢懈褔械褋泻邪,1
屑械褌械谢褜薪芯褋褌褜,1
屑械褌褉芯锌芯谢懈褌械薪褋泻懈泄,4
屑械褌褉芯锌芯谢懈褌械薪褋泻懈屑,1
屑械褌褉芯锌芯谢褜薪芯泄,1
屑械褏懈泻邪褌褜,1
屑械褔褌械卸薪懈泻,1
屑械褖械薪懈械,1
屑懈泻邪褝谢褟薪,1
屑懈泻芯谢邪泄褔懈泻,3
屑懈泻褉芯谐械芯谐褉邪褎懈褟,4
屑懈泻褉芯谐芯谢芯胁泻邪,2
屑懈泻褉芯谐芯褋褍写邪褉褋褌胁芯,1
屑懈泻褉芯泻芯谢谢械泻褌懈胁,1
屑懈泻褉芯薪械蟹懈械褑,2
屑懈泻褉芯芯锌褘褌,2
屑懈泻褉芯锌褉芯褋褌褉邪薪褋褌胁芯,1
屑懈泻褉芯褋械泻褍薪,1
屑懈泻褉芯褋褞卸械褌,1
屑懈泻褉芯褌芯泻,3
屑懈谢懈褌邪褉懈褋褌泻懈泄,1
屑懈谢懈褌邪褉懈褋褌褋泻芯,1
屑懈谢懈褔,1
屑懈谢褞泻芯胁,1
屑懈屑懈薪芯,1
屑懈薪懈屑邪谢懈蟹屑,3
屑懈薪懈褎褍薪写懈褟,2
屑懈薪褑,1
屑懈薪褜芯薪械褌,1
屑懈褉邪卸薪褘泄,1
屑懈褉芯锌芯谢褜褋泻懈泄,1
屑懈褉芯褌胁芯褉褔械褋褌胁芯,1
屑懈褋褌懈褎懈褑懈褉芯胁邪褌褜,1
屑懈褋褌懈褔薪芯褋褌褜,1
屑懈褌懈薪谐芯胁邪褌褜,1
屑懈褎芯谢芯谐懈蟹屑,1
屑懈褎芯谢芯谐懈褔械褋泻懈,1
屑懈褎芯谢芯谐懈褔薪芯褋褌褜,1
屑懈褎芯锌芯褝褌懈褔械褋泻懈泄,2
屑懈褕邪褌泻懈泄,1
屑懈褕褍泻,1
屑泻谐薪邪,2
屑泻泻泻,2
屑泻泻谢褘泄,4
屑谢邪写芯褋懈屑胁芯谢懈褋褌,1
屑谢懈,1
屑谢芯薪芯,1
屑屑褋懈褌褜,1
屑薪芯谐芯邪写褉械褋薪褘泄,1
屑薪芯谐芯邪褋锌械泻褌薪芯褋褌褜,1
屑薪芯谐芯邪褋锌械泻褌薪褘泄,2
屑薪芯谐芯斜谢芯泻芯胁褘泄,1
屑薪芯谐芯胁谢邪褋褌懈械,2
屑薪芯谐芯蟹邪胁芯写褋泻懈泄,3
屑薪芯谐芯泻芯谢芯薪芯褔薪褘泄,1
屑薪芯谐芯泻褍谢褜褌褍褉薪芯褋褌褜,1
屑薪芯谐芯屑邪薪写邪褌薪褘泄,1
屑薪芯谐芯屑褍卸械褋褌胁芯,1
屑薪芯谐芯锌谢邪薪芯胁芯褋褌褜,1
屑薪芯谐芯褋胁褟蟹薪褘泄,1
屑薪芯谐芯褋谢芯泄薪芯,1
屑薪芯谐芯褏芯写芯胁褘泄,2
屑薪芯谐芯褝褌薪懈褔薪芯褋褌褜,1
屑芯斜懈谢懈蟹芯胁褘胁邪褌褜,1
屑芯写卸邪褏械写,3
屑芯写懈斜芯,1
屑芯写谢懈薪邪,1
屑芯写褍谢褜薪芯褋褌褜,2
屑芯械泻胁邪,1
屑芯蟹邪懈褔懈褋褌,1
屑芯蟹谐芯锌邪褕械褑,1
屑芯谢褔邪谢懈薪,1
屑芯屑械薪褌薪褘泄,1
屑芯薪械褌邪褉懈蟹屑,1
屑芯薪械褌邪褉懈褋褌褋泻懈泄,2
屑芯薪芯谐邪屑薪褘泄,4
屑芯薪芯懈写械芯谢芯谐懈褟,3
屑芯薪芯锌芯谢褜,2
屑芯薪芯锌褉芯褎懈谢褜薪褘泄,5
屑芯薪芯褉芯屑邪薪,1
屑芯薪芯褌芯胁邪褉薪褘泄,2
屑芯薪芯褏褉芯屑邪褌懈褔薪芯褋褌褜,2
屑芯薪芯褏褉芯屑薪芯褋褌褜,1
屑芯薪芯褑械薪褌褉懈褔械褋泻懈泄,1
屑芯薪芯褝褌薪懈褔械褋泻懈泄,4
屑芯薪褌懈褉芯胁邪薪懈械,1
屑芯薪褍屑械薪褌邪谢懈蟹邪褑懈褟,1
屑芯薪褍屑械薪褌邪谢懈褋褌,1
屑芯芯褌薪,2
屑芯锌褉芯懈蟹胁芯谢褜薪褘泄,1
屑芯褉邪谢懈蟹邪褌芯褉,1
屑芯褉邪谢懈蟹懈褉芯胁邪褌褜,1
屑芯褉械邪泻褌懈胁薪褘泄,1
屑芯褉褋斜懈,1
屑芯褋芯谢,1
屑芯褋褌懈泻芯胁褘泄,2
屑芯褌芯褉懈蟹懈褉芯胁邪薪薪褘泄,1
屑芯褑邪褉褌懈邪薪褋泻懈,1
屑芯褑薪芯褋褌褜,1
屑芯褕薪芯褋褌褜,1
屑芯褖褘褘泄,1
屑锌械褉屑械褌褉,1
屑锌谢,1
屑锌芯谐芯芯斜褉邪蟹懈械,1
屑褋芯,13
屑褋褌懈谢械褑,1
屑褌械,1
屑褍邪,2
屑褍斜邪褉邪泻,2
屑褍卸邪薪懈械,1
屑褍懈褋泻,1
屑褍泻写械薪褋泻懈泄,1
屑褍谢懈褉芯胁邪褌褜褋褟,1
屑褍屑斜邪泄,4
屑褍薪懈褑懈,1
屑褍薪褜褟,1
屑褍褉邪写械褌褜,3
屑褍褋邪谐械褌,1
屑褍褋泻芯胁懈褌,1
屑褍褋褌邪屑褟泻薪褍褌褜,1
屑褍褏薪,2
屑褏褌邪,2
屑褘褋谢械械屑泻懈泄,1
屑褘褋谢械械屑泻芯褋褌褜,1
屑褘褋谢械芯斜褉邪蟹,1
屑褘褋芯胁褋泻懈泄,1
屑褘褕谢械薪薪芯褋褌褜,1
屑褝泄薪邪褉写,1
屑褝泄薪芯褉邪,1
屑褞谐懈泄,1
屑褞芯薪,13
屑褞芯薪薪褘泄,6
屑褞褉邪褌,1
屑褟褋泻芯胁褋泻懈泄,1
薪邪斜谢褞褋泻芯褉芯褋褌褜,1
薪邪胁谢懈胁邪褌褜,1
薪邪谐褉褍蟹芯褔薪褘泄,2
薪邪写谐芯褋褍写邪褉褋褌胁械薪薪褘泄,3
薪邪写懈泻褌芯胁邪褌褜,1
薪邪写泻褉懈褌懈褔械褋泻懈泄,1
薪邪写锌邪褉褌懈泄薪褘泄,1
薪邪写锌械褔邪褌泻邪,1
薪邪写褉械邪谢懈蟹屑,1
薪邪写褋芯薪芯胁褋泻懈泄,1
薪邪写褝锌芯褏邪谢褜薪褘泄,1
薪邪蟹邪薪褋泻懈泄,6
薪邪蟹懈薪邪械褋褌褜,1
薪邪蟹褘胁邪褌械谢褜薪褘泄,1
薪邪懈斜芯谢褘锌懈褌褜,1
薪邪懈斜芯谢褜褘薪褍褌褜,1
薪邪懈屑械薪褘褌褜,1
薪邪懈芯芯谢械泄,1
薪邪泻芯薪械褔懈泻,1
薪邪谢邪卸械薪薪芯褋褌褜,1
薪邪屑邪谐薪懈褔懈胁邪褌褜,8
薪邪薪芯胁芯褉芯薪泻邪,1
薪邪薪芯写懈褋泻,1
薪邪薪芯泻邪斜械谢褜,1
薪邪薪芯锌褉懈褋邪写泻邪,1
薪邪薪芯褔懈锌,1
薪邪锌褉邪胁谢褟谢械褋褟,1
薪邪锌褉褟,2
薪邪锌褉褟卸械薪懈褌褜,1
薪邪锌褌懈泄,1
薪邪褉泻芯斜懈蟹薪械褋,2
薪邪褉泻芯屑邪褎懈褟,1
薪邪褉泻芯褌褉邪褎懈泻,4
薪邪褉褋锌邪褌褜,1
薪邪褉褍锌褌邪褌褜褋褟,1
薪邪褉褍锌褌邪褟褌褜,1
薪邪褉褘屑褋泻懈泄,1
薪邪褋械褉邪,2
薪邪褋械褉褘泄,3
薪邪褋懈谢褍褕泻邪,1
薪邪褋懈谢褜褋褌胁械薪薪芯褋褌褜,2
薪邪褋褌褉褟褌褜,1
薪邪褋褌褍锌邪薪懈械,1
薪邪褌褌械屑邪,1
薪邪褌褍褉邪谢懈褋褌懈褔薪褘泄,1
薪邪褍谐芯谢褜薪懈泻,1
薪邪褍泻芯胁械写械薪懈械,3
薪邪褑,1
薪邪褑懈芯,1
薪邪褑懈芯薪邪谢懈蟹懈褉芯胁邪褌褜褋褟,3
薪邪褑懈芯薪邪谢懈褋褌懈褔械褋泻懈,3
薪邪褑懈芯薪邪谢懈褋褌懈褔械褋泻薪芯,1
薪邪褑懈芯薪邪谢褜薪芯芯褋胁芯斜芯写懈褌械谢褜薪褘泄,1
薪械邪薪谐谢懈泄褋泻懈泄,1
薪械邪褉,2
薪械邪褉懈械褑,1
薪械斜械蟹芯褋薪芯胁邪褌械谢褜薪褘泄,1
薪械斜械褋薪懈褔懈泄,1
薪械斜芯谢褜蟹褌芯泄,1
薪械斜芯谢褜褌懈屑,1
薪械胁械褉懈褎懈褑懈褉芯胁邪褌褜,1
薪械胁懈蟹褍邪谢褜薪褘泄,1
薪械胁懈谢谢邪,1
薪械胁芯蟹芯斜薪芯胁谢褟褌褜褋褟,1
薪械胁芯褋锌芯谢薪懈褌褜,1
薪械胁芯褞褞褖懈泄,2
薪械胁褋褌褉械褔邪,4
薪械胁褘写械褉卸邪薪薪芯褋褌褜,4
薪械胁褘懈谐褉褘褕薪褘泄,1
薪械胁褘褔懈褋谢懈屑褘泄,7
薪械谐芯褉斜懈褌褜褋褟,2
薪械谐褉懈褌褞写,3
薪械谐褉懈褌褞写芯屑,1
薪械谐褉芯邪褎褉懈泻邪薪褋泻懈泄,1
薪械写懈褋泻褉懈屑懈薪邪褑懈褟,1
薪械写芯锌芯谢褍褔懈褌褜,1
薪械写芯锌褉芯懈蟹胁芯写褋褌胁芯,1
薪械写芯褉邪褋褏芯写芯胁邪褌褜,1
薪械写褉褍卸械褋褌胁械薪薪芯,2
薪械写褍屑邪薪褜械,1
薪械械胁褉芯锌械械褑,1
薪械蟹邪泻谢褞褔械薪懈械,1
薪械蟹邪褏芯写懈褌褜,1
薪械懈写械芯谢芯谐懈褔械褋泻懈泄,1
薪械懈褋泻芯褉械薪械薪薪褘泄,1
薪械懈褋锌芯谢薪懈褌褜褋褟,1
薪械懈褋锌芯谢褜蟹芯胁邪胁褕懈泄褋褟,1
薪械懈褋褋褘褏邪褟褌褜,1
薪械懈褋褌芯胁芯褋褌褜,1
薪械懈褌褉懈薪芯,1
薪械泄褋斜懈褌褜,1
薪械泄褌褉懈薪薪褘泄,3
薪械泄褌褉芯,1
薪械泻邪蟹邪泻,1
薪械泻邪谢械薪写邪褉薪褘泄,1
薪械泻谢褞褔械胁芯泄,4
薪械泻薪懈卸薪褘泄,1
薪械泻芯谐械褉械薪褌薪褘泄,7
薪械泻芯谢谢懈薪械邪褉薪褘泄,1
薪械泻芯屑屑褍薪懈褋褌,1
薪械泻芯屑锌械褌械薪褌薪褘泄,1
薪械泻芯薪胁械褉褌懈褉褍械屑褘泄,1
薪械泻芯薪褋褌褉褍泻褌懈胁薪芯褋褌褜,1
薪械泻芯薪褋褌褉褍泻褌懈胁薪褘泄,3
薪械泻芯薪褌褉邪褋褌薪褘泄,1
薪械泻芯薪褎谢懈泻褌薪褘泄,1
薪械泻芯薪褎褍褑懈邪薪褋泻懈泄,1
薪械泻褉邪褋懈胁芯褋褌褜,1
薪械泻褉邪褋芯胁褋泻,1
薪械泻褉懈褌懈褔械褋泻懈泄,3
薪械泻褉芯锌芯谢褜,1
薪械屑械褑泻芯褟蟹褘褔薪褘泄,1
薪械屑芯薪芯褏褉芯屑邪褌懈褔械褋泻懈泄,1
薪械屑芯薪芯褏褉芯屑邪褌懈褔薪褘泄,2
薪械屑褌褍褕泻懈薪邪,1
薪械屑褍卸械褋褌胁械薪薪褘泄,1
薪械薪邪斜谢褞写邪褌褜,2
薪械薪邪卸懈胁懈薪邪,1
薪械薪邪褋褌芯泄褔懈胁褘泄,1
薪械薪薪芯褋褌褜,1
薪械芯斜褉邪斜邪褌褘胁邪械屑褘泄,1
薪械芯泻谢邪褋褋懈褔械褋泻懈泄,1
薪械芯泻芯薪褋械褉胁邪褌懈胁懈懈泄,1
薪械芯泻芯薪褋械褉胁邪褌懈胁薪褘泄,35
薪械芯泻芯薪褋械褉胁邪褌懈蟹屑,19
薪械芯泻芯薪褋械褉胁邪褌芯褉,12
薪械芯谢懈斜械褉邪谢懈蟹屑,1
薪械芯屑邪谢褜褌褍蟹懈邪薪褋褌胁芯,1
薪械芯屑邪褉泻褋懈蟹屑,3
薪械芯锌褉邪胁写邪褌褜褋褟,1
薪械芯锌褉械写械谢械薪薪芯褋褌褘褘泄,1
薪械芯锌褉懈屑懈褌懈胁懈褋褌,2
薪械芯锌褌懈屑邪谢褜薪褘泄,2
薪械芯褉械邪谢懈邪懈褔械褋泻邪,1
薪械芯褉械邪谢懈褋褌,1
薪械芯褉械邪谢懈褋褌懈褔械褋泻懈泄,2
薪械芯褉芯屑邪薪褌懈泻,1
薪械芯褌斜褘褌褘泄,1
薪械芯褌写械谢懈屑芯褋褌褜,1
薪械芯褌锌褍褋褌懈褌褜,1
薪械芯褌褉邪写懈褑懈芯薪邪谢懈蟹屑,2
薪械芯褎邪褕懈蟹屑,1
薪械芯褎邪褕懈褋褌褋泻懈泄,1
薪械芯褏胁邪褔械薪薪芯褋褌褜,1
薪械锌械褉懈芯写懈褔薪褘泄,1
薪械锌谢邪胁薪芯褋褌褜,1
薪械锌芯写褌胁械褉卸写械薪薪褘泄,1
薪械锌芯写褑械薪蟹褍褉薪褘泄,2
薪械锌芯蟹薪邪胁邪械屑芯褋褌褜,1
薪械锌芯谢褜褋泻懈泄,1
薪械锌芯谢褟褉懈蟹芯胁邪薪薪褘泄,1
薪械锌芯薪褟褌芯褋褌褜,1
薪械锌芯褋械褌懈褌褜,3
薪械锌芯褌芯锌谢褟械屑芯褋褌褜,1
薪械锌褉邪胁芯屑芯褔薪褘泄,1
薪械锌褉邪胁芯褋谢邪胁薪褘泄,1
薪械锌褉械芯写芯谢械薪薪褘泄,1
薪械锌褉懈谐谢邪写懈褌褜,1
薪械锌褉懈褔懈薪械薪懈械,1
薪械锌褉芯胁芯写褟褖懈泄,3
薪械锌褉芯写褍屑邪薪薪芯褋褌褜,1
薪械锌褉芯懈蟹胁械写械薪薪褘泄,1
薪械锌褉芯谢邪蟹褜械,1
薪械锌褉芯谢械褌邪褉褋泻懈泄,2
薪械锌褉芯褋屑芯褌褉械薪薪褘泄,2
薪械锌褉芯褟胁懈褌褜褋褟,1
薪械锌褉芯褟胁谢械薪薪褘泄,1
薪械锌褌褍薪懈泄,9
薪械锌褍斜谢懈褔薪褘泄,2
薪械褉邪斜芯褌芯褋锌芯褋芯斜薪芯褋褌褜,3
薪械褉邪胁薪芯锌褉邪胁懈械,2
薪械褉邪胁薪芯褋谢芯卸薪褘泄,1
薪械褉邪蟹卸懈写懈褌褜,1
薪械褉邪蟹谢芯卸懈屑芯褋褌褜,1
薪械褉邪蟹屑褘褕谢褟褞褖懈泄,2
薪械褉邪蟹褉褍褕邪褞褖懈泄,4
薪械褉邪褋芯胁褘泄,1
薪械褉邪褋锌邪胁懈谐懈泄褋褟,1
薪械褉邪褋锌邪胁褕褌懈泄褋褟,1
薪械褉邪褋锌邪褋褌褜,1
薪械褉邪褋锌褉械写械谢械薪薪褘泄,1
薪械褉邪褋褌褉邪褔械薪薪芯,1
薪械褉械邪谢懈蟹芯胁邪薪薪芯褋褌褜,1
薪械褉械邪谢懈蟹褍械屑褘泄,1
薪械褉械邪谢懈褋褌懈褔械褋泻懈泄,2
薪械褉械邪谢懈褋褌懈褔薪褘泄,2
薪械褉械谢褟褑懈芯薪薪褘泄,3
薪械褉械薪褌邪斜械谢褜薪芯褋褌褜,1
薪械褉械褎芯褉屑懈褉褍械屑芯褋褌褜,1
薪械褉械褕邪械屑褘泄,1
薪械褉褍写邪,1
薪械褋懈褋褌械屑邪,2
薪械褋懈褋褌械屑邪褌懈蟹懈褉芯胁邪薪薪褘泄,2
薪械褋谢褍褔懈褌褜褋褟,1
薪械褋芯械写懈薪懈屑芯褋褌褜,2
薪械褋芯泻褉褍褕懈屑芯褋褌褜,1
薪械褋芯锌芯褋褌邪胁懈屑芯褋褌褜,2
薪械褋芯褑懈邪谢懈褋褌懈褔械褋泻懈泄,1
薪械褋褌褉芯,1
薪械褋褍褖械褋褌胁芯胁邪薪懈械,1
薪械褋褎械褉懈褔薪芯褋褌褜,1
薪械褌邪褉懈褎薪褘泄,3
薪械褌械锌谢芯胁芯泄,1
薪械褌懈锌懈褔薪芯褋褌褜,1
薪械褌谢械薪薪芯褋褌褜,1
薪械褌褉邪写懈褑懈芯薪薪芯,1
薪械褍胁褟蟹泻邪,1
薪械褍写邪褉褟械屑褘泄,1
薪械褍泻芯褉械薪懈褌褜,1
薪械褍屑械褏,1
薪械褍屑褘褕谢械薪薪芯褋褌褜,1
薪械褍锌芯褉褟写芯褔懈褌褜,1
薪械褍锌褉褍谐芯,1
薪械褍褋褌褉芯懈褋褌胁芯,1
薪械褍褌芯褔薪褟褌褜,1
薪械褎邪谢褜褋懈褎懈褑懈褉芯胁邪薪薪褘泄,1
薪械褎褌械芯斜褉邪斜邪褌褘胁邪褌褜,1
薪械褎褌械芯斜褉邪蟹芯胁邪薪懈械,1
薪械褎褌械锌褉芯屑褘褕谢械薪薪褘泄,2
薪械褎褌械褝泻褋锌芯褉褌懈褉芯胁邪褌褜,1
薪械褏,3
薪械褑械谢械胁芯泄,1
薪械褑械谢械薪邪锌褉邪胁谢械薪薪褘泄,1
薪械褔薪芯泄,1
薪械褝泻芯薪芯屑懈褔薪褘泄,1
薪械褝谢械泻褌褉芯褋褌邪褌懈褔械褋泻懈泄,1
薪械褝褋褌械褌懈褔薪褘泄,1
薪械褝褎褎械泻褌懈胁薪褘芯褋褌褜,1
薪懈斜褍褉,1
薪懈蟹泻芯锌芯泻谢芯薪薪懈褔械褋褌胁芯,1
薪懈蟹泻芯褋泻芯褉芯褋褌薪芯泄,3
薪懈蟹泻芯褌芯胁邪褉薪褘泄,2
薪懈泻褋芯薪,19
薪懈泻褋芯薪芯屑,1
薪懈褉,2
薪懈褋褋邪薪,1
薪懈褌械谢褟,1
薪懈褑褕械邪薪褋泻懈泄,1
薪懈褑褕械邪薪褋褌胁芯,1
薪泻邪芯,1
薪泻褉褍屑,6
薪芯斜械写懈褌械谢褜薪懈褑邪,1
薪芯斜械谢懈泄,1
薪芯胁械谢谢懈褋褌懈褔械褋泻懈泄,2
薪芯胁械褕褌懈胁邪褌褜褋褟,1
薪芯胁薪褘泄,1
薪芯胁芯锌褉懈薪褟褌褜,1
薪芯胁芯褋械谢芯胁,2
薪芯胁芯褟蟹褘褔械褋泻懈泄,1
薪芯胁褋泻懈泄,1
薪芯谐芯褍,1
薪芯懈屑械薪薪褘泄,1
薪芯泄褋芯屑,1
薪芯屑邪褏,2
薪芯屑械薪泻谢邪褌褍褉薪褘泄,2
薪芯薪泻芯薪褎芯褉屑懈褋褌,1
薪芯芯褋褎械褉薪褘泄,1
薪芯褉褋懈褌褜,1
薪芯褌邪褉懈邪谢褜薪芯,1
薪芯褑褉懈褌褜,3
薪芯褔谢械卸薪懈泻,1
薪锌褉芯,1
薪褉械卸写械,1
薪褉锌,1
薪褋芯芯,1
薪褋芯芯褋,2
薪褌械谐褉邪谢褜薪褘泄,1
薪褌懈械,1
薪褍胁械谢褜,1
薪褍胁褘泄,1
薪褍泻谢械芯褋懈薪褌械蟹,8
薪褍褝胁褘泄,1
薪褎芯褞胁,3
薪褝锌芯胁褋泻懈泄,3
薪褝褕薪谢,1
芯邪锌械泻,1
芯邪褌,4
芯斜胁邪褉懈胁邪褌褜,1
芯斜械蟹写芯谢械薪薪芯褋褌褜,1
芯斜械蟹蟹胁褍褔懈褌褜褋褟,1
芯斜械蟹谢懈褔械薪薪芯褋褌褜,1
芯斜械褉懈褍褌褜,3
芯斜械褋薪锌械褔懈胁邪褌褜,1
芯斜械褌薪褘泄,1
芯斜械褖褋褌胁芯,1
芯斜卸懈褉械褌褜,1
芯斜卸懈褌芯褋褌褜,1
芯斜懈谐懈褉薪褘泄,1
芯斜谢械写械薪械薪懈械,1
芯斜谢芯屑薪褘泄,1
芯斜谢褍褔邪褌褜褋褟,2
芯斜屑邪薪褍褌芯褋褌褜,1
芯斜屑邪薪褔懈胁芯褋褌褜,2
芯斜薪芯胁懈褌械谢褜,5
芯斜芯斜褖械褋褌胁懈褌褜,3
芯斜芯写薪褟褌褜褋褟,1
芯斜芯谢芯褔械褔薪褘泄,1
芯斜褉邪蟹芯胁褘泄,1
芯斜褉邪蟹芯褌胁芯褉褔械褋褌胁芯,1
芯斜褉邪蟹褍褞褌褑懈泄褋褟,1
芯斜褉邪褑褍邪褌褜褋褟,1
芯斜褉褘胁芯褔薪芯,1
芯斜褌褑械褋褌胁芯,1
芯斜褍褉卸褍邪蟹懈褌褜褋褟,1
芯斜褍褋谢邪胁谢懈胁邪褌褜褋褟,1
芯斜褍褋芯胁械褉褕械薪褋褌胁芯胁邪薪懈械,1
芯斜褖械邪屑械褉懈泻邪薪褋泻懈泄,1
芯斜褖械胁芯懈薪褋泻懈泄,1
芯斜褖械写械屑芯泻褉邪褌懈褔械褋泻懈泄,5
芯斜褖械锌谢邪薪芯胁褘泄,1
芯斜褖械褉械褋锌褍斜谢懈泻邪薪褋泻懈泄,1
芯斜褖械褋芯褑懈褍屑薪褘泄,3
芯斜褖械褎械写械褉邪谢褜薪褘泄,2
芯斜褖械褏芯蟹褟泄褋褌胁械薪薪褘泄,3
芯斜褖懈褉薪褘泄,1
芯斜褗泻邪,1
芯斜褘写械薪褖懈薪邪,1
芯斜褜械写懈薪械薪懈械,1
芯斜褝褉懈褍褌,3
芯胁邪谢褜薪芯褋褌褜,1
芯胁蟹褌,1
芯胁懈褌褜,1
芯胁褑械胁芯写褔械褋泻懈泄,2
芯谐懈,1
芯谐芯褋褍写邪褉褋褌胁懈褌褜,1
芯谐褉褍斜谢械薪懈械,1
芯写写褏邪,1
芯写械屑褜褟薪懈胁邪薪懈械,1
芯写械褋褋懈褌泻邪,1
芯写懈谐邪,1
芯写懈薪薪邪写褑邪褌懈泻谢邪褋褋薪懈褑邪,1
芯写薪芯胁械薪褌懈谢褜,1
芯写薪芯泻邪薪邪谢褜薪褘泄,1
芯写薪芯芯褋薪褘泄,1
芯写薪芯锌邪褉褌懈泄薪芯褋褌褜,1
芯写薪芯锌芯谢褍锌械褉懈芯写薪褘泄,2
芯写薪芯锌芯谢褟褉薪褘泄,3
芯写薪芯锌褉懈蟹薪邪泻芯胁褘泄,3
芯写薪芯褋胁褟蟹薪褘泄,7
芯写薪芯褋褌胁芯谢泻邪,1
芯写薪芯褌懈锌薪芯褋褌褜,1
芯械斜,4
芯械谐,1
芯械谐褏邪,1
芯械写,3
芯械蟹,4
芯械蟹斜,1
芯械谢,12
芯械谢褏邪,1
芯械芯,2
芯械芯写邪,1
芯蟹械褉芯泻,1
芯蟹薪芯斜薪褘泄,1
芯蟹芯薪懈褉芯胁邪薪懈械,1
芯泄蟹褏邪,1
芯泻邪蟹胁褕懈泄褋褟,1
芯泻邪蟹褘胁褌褜,1
芯泻邪锌邪褌褜褋褟,1
芯泻械邪薪芯谐褉邪褎懈褔械褋泻懈泄,2
芯泻懈薪邪胁褋泻懈泄,2
芯泻芯谢芯谢懈褌械褉邪褌褍褉薪褘泄,1
芯泻芯谢芯褌械邪褌褉邪谢褜薪褘泄,1
芯泻芯薪械褔薪褘泄,1
芯泻褌芯懈褏,1
芯泻褌褉芯懈褉芯胁邪薪懈械,1
芯泻褍谐,1
芯谢懈谐邪褉褏懈褔械褋泻芯,1
芯谢芯泻,1
芯屑邪褋褋芯胁谢械薪懈械,1
芯屑械写薪械薪懈械,2
芯屑械褖邪薪懈褌褜褋褟,2
芯薪懈褋褘胁邪褌褜,1
芯薪泻芯谢芯谐,1
芯芯谢芯谐懈褔械褋泻懈泄,1
芯芯芯芯,1
芯芯褉褌,3
芯锌械懈械,1
芯锌械褉懈褉芯胁邪薪懈械,1
芯锌懈褋邪褌械谢褜褋褌胁芯,1
芯锌芯褉芯褔懈胁邪薪懈械,1
芯锌锌械薪谐械泄屑,1
芯锌褉械写械褍谐芯谢褜薪褘泄,1
芯锌褉芯褌械褋褌芯胁褘胁邪褌褜,1
芯褉谐邪薪懈蟹芯胁邪胁邪薪褍褌褜,1
芯褉懈蟹芯薪褌懈褌褜,1
芯褉谢邪薪写芯,1
芯褉屑褍蟹褋泻懈泄,2
芯褉芯褔芯薪,1
芯褉褌芯谐褉邪褎懈褔械褋泻懈泄,1
芯褋邪写褔械谐芯,1
芯褋懈薪褍褕泻邪,1
芯褋懈褉芯褌懈褌褜,1
芯褋懈褟薪薪芯,1
芯褋泻邪薪写邪谢懈褌褜,2
芯褋屑械褕懈褌褜,1
芯褋芯斜芯褋褌褜,1
芯褋芯蟹,1
芯褋褋芯胁褋泻懈泄,1
芯褋褌邪胁邪谢褋懈褌褜,1
芯褋褌械泻谢械褌褜,1
芯褋褌械泻谢芯胁褘胁邪褌褜,2
芯褋褌芯胁薪褘泄,4
芯褋褌褉芯薪邪锌褉邪胁谢械薪薪褘泄,2
芯褌未褌,2
芯褌邪褌,6
芯褌斜褉邪褋,1
芯褌胁邪褉懈胁邪褌褜褋褟,1
芯褌械褋褌,6
芯褌蟹芯胁懈褋褌,1
芯褌泻邪褌邪褌褜褋褟,1
芯褌泻褉械锌懈褌械谢褜薪褘泄,1
芯褌谢邪胁谢懈胁邪褌褜褋褟,1
芯褌谢邪写芯褔薪褘泄,2
芯褌谢懈褔懈褌械谢褜薪芯褋褌褜,1
芯褌屑械褔邪薪懈泄,1
芯褌褉械褋褌邪胁褉懈褉芯胁邪褌褜,1
芯褌褉蟹薪褍褌褜,1
芯褌褉褋,1
芯褌褉褘胁芯褔薪芯褋褌褜,1
芯褌褋械谢褟褌褜,1
芯褌褋褍褋褌胁芯胁邪褌褜,1
芯褌褌芯褔泻邪,1
芯褌褍锌谢褟褌褜,1
芯褌褔邪褉懈褌褜,3
芯褌褔懈褋谢褟褌褜褋褟,1
芯褌褔褍卸写邪褞褖懈泄,1
芯褎泄锌,1
芯褎芯褉屑锌谢械泄,1
芯褑懈褎褉芯胁褘胁邪褞褖懈泄,2
芯褔邪谐芯胁芯褋褌褜,1
芯褝泻褉邪薪薪褘泄,1
芯褟胁谢械薪懈械,1
锌邪写邪胁懈褌懈泄,1
锌邪写邪薪懈械,1
锌邪写写芯泻,1
锌邪蟹芯谢懈薪褜,1
锌邪泻懈褋褌邪薪褋泻懈泄,2
锌邪谢褜薪褘泄,1
锌邪薪谐械褉屑邪薪懈蟹屑,1
锌邪薪写卸邪斜邪,1
锌邪薪懈泻械褉,1
锌邪薪懈泻芯胁褋泻懈泄,5
锌邪锌邪谐芯褋,2
锌邪褉邪谢谢邪泻褌懈褔械褋泻懈泄,1
锌邪褉邪屑邪谐薪械褌懈蟹屑,2
锌邪褉邪屑邪谐薪械褌懈泻,21
锌邪褉邪屑邪谐薪懈褌薪褘泄,2
锌邪褉邪屑械褌褉芯胁懈褌褜,1
锌邪褉邪薪芯懈写邪谢褜薪褘泄,1
锌邪褉泻褍褉,1
锌邪褉谢邪屑械薪褌褋泻芯,1
锌邪褉芯褋芯褔械褌邪薪懈械,1
锌邪褉褌邪锌锌邪褉邪褌,1
锌邪褉褌懈蟹邪薪褖懈薪邪,3
锌邪褉褌懈泄薪芯谐芯褋褍写邪褉褋褌胁械薪薪褘泄,2
锌邪褉褌芯谢芯谐懈褟,1
锌邪褉褌芯褉谐邪薪懈蟹邪褑懈褟,3
锌邪褉褌褟褔械泄泻邪,1
锌邪褋芯,1
锌邪褌械褌懈褔薪褘泄,1
锌邪褌褌械褉薪,1
锌邪褍褝褉褋,1
锌邪褑懈褎懈褋褌泻邪,1
锌邪褑懈褎懈褋褌褋泻懈泄,6
锌邪褑泻芯胁褋泻懈泄,1
锌邪褕泻芯胁褋褌胁芯,1
锌斜邪,1
锌写械,1
锌械写邪谐芯谐懈褔械褋泻懈,1
锌械薪写械褉械褑泻懈泄,2
锌械薪写卸邪斜械褑,2
锌械薪薪芯屑芯褉芯蟹薪褘泄,1
锌械褉邪泄褍懈蟹邪,1
锌械褉械斜懈胁,1
锌械褉械斜芯褉薪褘泄,1
锌械褉械胁邪谢械褑,3
锌械褉械胁械褉薪褍褌芯褋褌褜,1
锌械褉械胁芯褉褋锌,1
锌械褉械胁芯褋褋芯蟹写邪薪懈械,1
锌械褉械胁褘锌芯谢薪械薪懈械,3
锌械褉械写懈褋谢芯泻邪褑懈褟,1
锌械褉械写懈褋谢芯褑懈褉芯胁邪褌褜,1
锌械褉械懈蟹斜懈褉邪褌褜,2
锌械褉械懈蟹斜褘褌芯褔薪褘泄,1
锌械褉械泄,1
锌械褉械泻褉褘褌褜褋褟,1
锌械褉械屑邪谐薪懈褔懈胁邪薪懈械,4
锌械褉械屑邪谐薪懈褔懈胁邪褌褜,1
锌械褉械屑邪谐薪懈褔懈胁邪褌褜褋褟,2
锌械褉械薪邪褋褌褉芯泄泻邪,1
锌械褉械薪邪褋褘褖械薪薪芯褋褌褜,1
锌械褉械芯锌褉械写械谢械薪懈械,1
锌械褉械芯锌褉械写械谢褟褌褜,4
锌械褉械锌械谢懈褑邪,1
锌械褉械锌谢邪褌懈褌褜,1
锌械褉械锌芯谢薪械薪薪芯褋褌褜,1
锌械褉械锌褉芯谐褉邪屑屑懈褉芯胁邪褌褜褋褟,1
锌械褉械褉邪褋锌褉械写械谢懈褌械谢褜薪褘泄,1
锌械褉械褉械谐懈褋褌褉邪褑懈褟,2
锌械褉械褋械胁邪褌褜,5
锌械褉械褋芯褌胁芯褉械薪懈械,2
锌械褉械褋芯褌胁芯褉懈褌褜,2
锌械褉械褋褌褉芯械褔薪褘泄,2
锌械褉械褋褌褍泻懈胁邪褌褜褋褟,1
锌械褉械褍褋褌褉芯懈褌械谢褜,1
锌械褉械褎芯褉屑褍谢懈褉芯胁褘胁邪褌褜,1
锌械褉懈芯,1
锌械褉懈芯写懈泻邪,2
锌械褉懈褎械褉懈泄薪芯褋褌褜,1
锌械褉泻邪,1
锌械褉谢芯薪,1
锌械褉芯薪懈蟹屑,3
锌械褉芯薪懈褋褌,1
锌械褉芯薪懈褋褌褋泻懈泄,1
锌械褉锌械薪写懈泻,1
锌械褉褋芯薪邪卸薪褘泄,1
锌械褋械薪薪懈褑邪,1
锌械褋薪褟褉,1
锌械褋褋懈屑懈褋褌懈褔薪芯,2
锌械褋褋懈屑懈褋褌懈褔薪褘泄,1
锌械褋褌懈褑懈写薪褘泄,1
锌械褌懈褑懈芯薪薪褘泄,1
锌械褌褉芯泻芯屑屑褍薪邪,1
锌械褌褉芯谢械褍屑,1
锌械褌褉褕懈薪邪,1
锌械褔褋懈屑褌褜,1
锌械褕褌谐芯锌,1
锌械褕褖褌谐锌芯,1
锌蟹邪,2
锌蟹谢,1
锌懈邪薪懈蟹屑,1
锌懈泻褎芯褉写,1
锌懈谢芯褌邪卸薪褘泄,1
锌懈薪泻,1
锌懈褋褌芯谢蟹褌懈,1
锌懈褑,1
锌泻褉,1
锌谢邪胁褋褉械写褋褌胁芯,1
锌谢邪谐懈薪,6
锌谢邪屑械薪薪懈泻,1
锌谢邪薪械褌械蟹懈屑邪谢褜,16
锌谢邪薪械褌褘谐懈谐邪薪褌,1
锌谢邪薪泻芯胁褋泻懈泄,9
锌谢邪褌懈薪芯褋懈薪械褉芯写懈褋褌褘泄,1
锌谢邪褌褋泻懈泄,5
锌谢谐,1
锌谢芯褋泻芯胁芯谐薪褍褌褘泄,1
锌谢芯褋泻芯胁褘锌褍泻谢褘泄,4
锌谢芯褋泻芯锌芯谢褟褉懈蟹芯胁邪薪薪褘泄,4
锌谢芯褑褌邪写褜褟,1
锌谢褏,2
锌谢褞褉邪谢懈褋褌懈褔薪褘泄,1
锌谢褟褋械褟褌褜,1
锌芯斜械写懈谐械谢褜,1
锌芯斜械写芯薪芯褋懈泻,1
锌芯斜械写芯薪芯褋薪芯褋褌褜,1
锌芯胁械写邪薪懈泄,1
锌芯胁械褋褌胁芯胁邪褌械谢褜薪懈褑邪,1
锌芯胁褋械谐褉邪写薪褘泄,1
锌芯胁褋械褋械褉写薪芯,1
锌芯胁褌芯褉械薪懈,1
锌芯胁褌芯褉懈褌械谢褜,3
锌芯胁褌芯褉薪芯褋褌褜,1
锌芯胁褘锌谢邪褟褌褜褋褟,1
锌芯胁褘锌褌邪褌褜褋褟,1
锌芯谐谢芯谐褑邪褌褜,1
锌芯谐谢芯褌懈胁懈谐懈褟,1
锌芯谐谢芯褕邪褌褜褋褟,1
锌芯谐芯褉械谢褜褖懈薪邪,2
锌芯谐褉芯屑褖懈泻,2
锌芯写邪胁谢褟褞褖械,1
锌芯写邪褏屑邪褌芯胁泻邪,1
锌芯写胁械褉谐懈褌懈褌褜褋褟,1
锌芯写谐褉邪褎懈泻,11
锌芯写械褌邪谢褜薪褘泄,1
锌芯写泻邪褉屑谢懈胁邪褌褜褋褟,1
锌芯写谢械褌薪褘泄,1
锌芯写屑邪泻褋懈屑泻邪,1
锌芯写锌懈褌褘胁邪褌褜褋褟,1
锌芯写锌芯褋谢械写芯胁邪褌械谢褜薪芯褋褌褜,1
锌芯写褉邪卸邪褌械谢褜褋褌胁芯,1
锌芯写褋胁芯泄褋褌胁芯,1
锌芯写褋褞褋褞泻薪褍褌褜,1
锌芯写褎芯褌芯褋褎械褉薪褘泄,1
锌芯写褑械薪蟹褍褉薪褘泄,2
锌芯械褑,1
锌芯卸薪懈胁薪褘泄,1
锌芯蟹懈褑懈芯薪懈褉芯胁邪褌褜,1
锌芯蟹褝褌芯屑,1
锌芯懈泄,1
锌芯泻邪蟹褍褏邪,1
锌芯泻懈薪褍褌芯褋褌褜,2
锌芯泻褍锌邪褌械谢褜褋泻懈泄,2
锌芯谢邪斜邪,1
锌芯谢邪薪褋泻懈泄,1
锌芯谢械胁械薪懈械,2
锌芯谢械屑懈褔薪芯,1
锌芯谢械褌薪芯褋褌褜,1
锌芯谢懈邪薪写褉懈褟,1
锌芯谢懈胁懈薪懈谢邪褑械褌邪褌,1
锌芯谢懈谐邪屑懈褟,2
锌芯谢懈谐邪屑薪褘泄,2
锌芯谢懈谐懈薪懈褟,1
锌芯谢懈谐芯薪邪谢褜薪褘泄,1
锌芯谢懈谐褉邪褎懈褋褌,1
锌芯谢懈泻芯薪褎械褋褋懈芯薪邪谢褜薪褘泄,1
锌芯谢懈泻褍谢褜褌褍褉薪褘泄,1
锌芯谢懈褋械褌泻邪,2
锌芯谢懈褋褌懈褉芯谢褜薪褘泄,1
锌芯谢懈褌谐褉邪屑芯褌邪,1
锌芯谢懈褌蟹邪泻谢褞褔械薪薪褘泄,1
锌芯谢懈褌懈蟹邪褑懈褟,4
锌芯谢懈褌懈蟹懈褉芯胁邪褌褜,5
锌芯谢懈褌懈蟹懈褉芯胁邪褌褜褋褟,1
锌芯谢懈褌懈泻芯泻褍谢褜褌褍褉薪褘泄,1
锌芯谢懈褌芯谢芯谐懈褔械褋泻懈泄,1
锌芯谢懈褏谢芯褉胁懈薪懈谢,1
锌芯谢懈褑械薪褌褉懈褔械褋泻懈泄,1
锌芯谢懈褑械薪褌褉懈褔薪褘泄,2
锌芯谢懈褝褌薪懈褔械褋泻懈泄,1
锌芯谢谢泻邪,2
锌芯谢薪芯泻褉芯胁薪芯褋褌褜,1
锌芯谢薪芯褑胁械褌薪褘泄,1
锌芯谢芯褕懈褌褜,1
锌芯谢褍邪斜褋褌褉邪泻褌薪褘泄,1
锌芯谢褍斜械蟹褉邪斜芯褌薪褘泄,1
锌芯谢褍蟹薪邪泄褋褌胁芯,1
锌芯谢褍懈屑锌械褉懈邪谢,1
锌芯谢褍懈薪褌械谢谢懈谐械薪褌薪芯褋褌褜,1
锌芯谢褍泻胁邪谢懈褎懈褑懈褉芯胁邪褌褜,3
锌芯谢褍芯斜谐芯褉械谢褘泄,1
锌芯谢褍锌械褉懈芯写,6
锌芯谢褍锌械褉懈褎械褉懈褟,3
锌芯谢褍锌芯胁褌芯褉,1
锌芯谢褍锌褉芯胁芯写,1
锌芯谢褍锌褉芯胁芯写薪懈泻芯,1
锌芯谢褍锌褌邪褉懈泄,1
锌芯谢褍褋邪褏邪谢懈薪褋泻懈泄,1
锌芯谢褍褋懈褉芯褌邪,1
锌芯谢褍褌邪泄薪褘泄,1
锌芯谢褍褌芯胁邪褉薪褘泄,2
锌芯谢褍褌芯薪芯胁褘泄,7
锌芯谢褍褌芯褉邪屑械褋褟褔薪褘泄,2
锌芯谢褍褌芯褉邪褌芯薪薪褘泄,1
锌芯谢褍褑械,1
锌芯谢褍褑械谢褘泄,23
锌芯谢褍褑懈谢懈薪写褉,6
锌芯谢褍褕懈褉懈薪邪,2
锌芯谢褟褉懈蟹芯,1
锌芯谢褟褉芯懈写,6
锌芯屑械褏芯蟹邪褖懈褖械薪薪芯褋褌褜,1
锌芯薪褌懈褎懈泻邪褌,1
锌芯锌谢,1
锌芯锌褉邪胁械褌褜,1
锌芯锌褌褘泻,1
锌芯锌褍谢褟褉懈蟹芯胁邪褌褜褋褟,1
锌芯锌褍谢褟褉懈褌褜,1
锌芯锌褍褋褌懈褌械谢褜褋泻懈泄,2
锌芯褉邪卸械薪褔械褋泻懈泄,3
锌芯褉械胁芯谢褞褑懈芯薪薪褘泄,1
锌芯褉芯卸懈褋褌芯褋褌褜,1
锌芯褉褌褎械谢褜薪褘泄,1
锌芯褉褑懈芯薪邪谢褗懈褔,1
锌芯褉褑懈芯薪邪谢褜薪芯,1
锌芯褋谢械写懈锌谢芯屑薪褘泄,1
锌芯褋谢械写芯胁邪薪懈褟,1
锌芯褋谢械芯泻泻褍锌邪褑懈芯薪薪褘泄,1
锌芯褋谢械锌械褉械褋褌褉芯械褔薪褘泄,1
锌芯褋谢械褋褌邪谢懈薪褋泻懈泄,1
锌芯褋谢褍褕薪芯褋褌褜,1
锌芯褋褉械写薪懈褔邪褌褜,1
锌芯褋褌邪褉械薪懈械,4
锌芯褋褌懈薪写褍褋褌褉懈邪谢懈蟹屑,2
锌芯褋褌泻芯谢芯薪懈邪谢褜薪褘泄,3
锌芯褋褌屑芯写械褉薪懈蟹屑,12
锌芯褋褌屑芯写械褉薪懈褋褌,2
锌芯褋褌屑芯写械褉薪懈褋褌褋泻懈泄,2
锌芯褋褌褉械谢泻邪,1
锌芯褋褌褋芯褑懈邪谢懈褋褌懈褔械褋泻懈泄,1
锌芯褋褌褍薪谢械薪懈械,1
锌芯褋褌褍锌懈谢胁邪,1
锌芯褌械屑泻懈薪械褑,1
锌芯褌械薪褑懈芯屑械褌褉,1
锌芯褌械褉薪邪,1
锌芯褌褉械斜谢械薪懈懈褟,1
锌芯褑芯泻懈胁邪褌褜,1
锌芯褕邪谢械胁邪褌褜,4
锌芯褝蟹,3
锌芯褝蟹芯邪薪褌褉邪泻褌,1
锌芯褝褌邪锌薪芯褋褌褜,2
锌锌懈褉芯泻懈泄,1
锌锌褉芯胁芯蟹谐谢邪褋懈褌褜,1
锌褉邪胁械写薪懈褔械褋泻懈泄,1
锌褉邪胁懈谢褜薪芯褋褌,1
锌褉邪胁懈褌械谢褜褋,1
锌褉邪胁芯卸懈褌械谢褜褋褌胁芯,1
锌褉邪胁芯褋褍斜褗械泻褌薪芯褋褌褜,1
锌褉邪胁芯褑械薪褌褉懈褋褌褋泻懈泄,1
锌褉邪谐屑邪褌懈褔薪芯,1
锌褉邪锌邪屑褟褌褜,1
锌褉械胁械薪褌懈胁薪褘泄,2
锌褉械胁褉邪褕邪褌褜褋褟,1
锌褉械胁褘薪褌邪褌褜,1
锌褉械胁褘锌邪褌褜,1
锌褉械胁褘锌褌邪褌褜,5
锌褉械胁褘褌邪褌褜,1
锌褉械胁褘褌褌邪褌褜,1
锌褉械胁褘褕邪褌褜褋褟,1
锌褉械胁褘褕褌邪褌褜,2
锌褉械写胁芯蟹胁械褋褌懈褌褜,1
锌褉械写械谢褜薪芯褋褌褜,1
锌褉械写械褋褌胁褍褌褜,1
锌褉械写泻褉懈蟹懈褋薪褘泄,4
锌褉械写锌邪褉谢邪屑械薪褌,1
锌褉械写锌械薪褋懈芯薪薪褘泄,1
锌褉械写锌褉芯褋屑芯褌褉,1
锌褉械写锌褉锌褟褌懈械,1
锌褉械写褋械写邪薪褕褌褜,1
锌褉械写褋褗械蟹写芯胁褋泻懈泄,1
锌褉械锌芯写薪械褋械薪懈械,1
锌褉械锌芯褏邪斜懈械,1
锌褉械锌褉懈薪懈屑邪褌械谢褜褋泻懈泄,1
锌褉械锌褋褌褍锌谢械薪懈械,1
锌褉械锌褟褌械褌胁懈械,1
锌褉械褋薪芯褋褌褜,1
锌褉械褎械褉械薪褑懈邪谢褜薪褘泄,2
锌褉懈胁邪褌懈蟹邪褑懈芯薪薪褘泄,4
锌褉懈胁械褋芯泻,1
锌褉懈谐芯褌芯胁谢褟,1
锌褉懈写薪械褋褌褉芯胁褋泻懈泄,3
锌褉懈械屑谢械屑芯褋褌褜,1
锌褉懈蟹屑械薪薪褘泄,1
锌褉懈屑邪泻,4
锌褉懈屑懈褉械薪薪芯褋褌褜,1
锌褉懈屑懈褌懈胁懈蟹邪褑懈褟,1
锌褉懈薪懈褑懈锌邪,1
锌褉懈薪褋褌芯薪,1
锌褉懈薪褑懈懈锌,1
锌褉懈芯写薪芯胁褉械屑械薪薪褘泄,1
锌褉懈芯蟹械褉褜械,1
锌褉懈芯褋褌,1
锌褉懈锌懈屑邪褌械谢褜,1
锌褉懈褋械谢褜薪懈泻,1
锌褉懈褏,2
锌褉懈褏胁邪褌懈蟹懈褉芯胁邪褌褜,1
锌褉懈褏芯写褟褕懈泄褋褟,1
锌褉芯邪屑械褉懈泻邪薪褋泻懈泄,6
锌褉芯斜芯泄薪褘泄,2
锌褉芯胁芯卸写邪褌褜褋褟,1
锌褉芯胁芯泻邪褌芯褉,5
锌褉芯谐懈褌谢械褉芯胁褋泻懈泄,1
锌褉芯写薪邪褉芯写芯胁芯蟹,1
锌褉芯械写邪薪懈械,1
锌褉芯蟹邪懈蟹屑,2
锌褉芯蟹邪锌邪写薪褘泄,9
锌褉芯懈蟹芯锌褌谢芯,1
锌褉芯懈谢谢褞褋褌褉懈褌褜,1
锌褉芯懈薪写械泻褋懈褉芯胁邪褌褜,1
锌褉芯懈薪褌械谐褉懈褉芯胁邪褌褜,1
锌褉芯泻邪锌懈褌邪谢懈褋褌懈褔械褋泻懈泄,1
锌褉芯泻胁邪薪褌芯胁邪褌褜,1
锌褉芯泻胁邪褋懈褌褜,2
锌褉芯泻谢邪屑懈褉芯胁邪褌褜褋褟,1
锌褉芯谢械褌械胁懈褌褘泄,1
锌褉芯屑邪褉泻褋懈褋褌褋泻懈泄,2
锌褉芯屑械卸褍褌芯褔薪芯褋褌褜,1
锌褉芯屑芯写械谢懈褉芯胁邪褌褜,2
锌褉芯锌邪胁褕屑懈,1
锌褉芯锌械褉械褋褌褉芯械褔薪褘泄,1
锌褉芯锌芯褉懈懈芯薪邪谢褜薪褘泄,1
锌褉芯锌褉邪胁懈褌械谢褜褋褌胁械薪薪褘泄,4
锌褉芯褉邪薪卸懈褉芯胁邪褌褜,1
锌褉芯褉褍褋褋泻懈,1
锌褉芯褋泻褍褉,1
锌褉芯褋屑芯褌褉褖懈泻,2
锌褉芯褋芯胁械褌褋泻懈泄,16
锌褉芯褋锌械褉懈褌懈,3
锌褉芯褋褌芯褉械褔薪芯褋褌褜,1
锌褉芯褋褌褉邪薪械薪懈械,1
锌褉芯褋褌褉邪薪械褌胁邪,1
锌褉芯褌邪泻褌懈薪懈泄,1
锌褉芯褌懈胁芯褉邪泻械褌邪,1
锌褉芯褌懈胁芯褎邪蟹邪,2
锌褉芯褌芯薪薪芯薪械泄褌褉芯薪薪褘泄,1
锌褉芯褌芯薪芯,1
锌褉芯褌芯薪锌褉芯褌芯薪薪褘泄,2
锌褉芯褌芯锌谢邪薪械褌邪,8
锌褉芯褌芯褌懈锌懈褔械褋泻懈泄,1
锌褉芯褌褜,1
锌褉芯褎械褋褋懈芯薪邪谢懈蟹邪褑懈褟,1
锌褉芯褎械褋褜械,1
锌褉芯褎芯褉懈械薪褌邪褑懈芯薪薪褘泄,1
锌褉芯褎褉邪薪褑褍蟹褋泻懈,1
锌褉芯褎褑械薪褌褉,3
锌褉芯褕械写懈褌懈泄,1
锌褉褋芯,1
锌褉褍褟,1
锌褉褕褕屑邪褟褌褜褋褟,1
锌褉褟卸械薪薪芯褋褌褜,1
锌褋械胁写芯谐芯褋褍写邪褉褋褌胁械薪薪褘泄,1
锌褋械胁写芯泻谢邪褋褋,5
锌褋械胁写芯泻谢邪褋褋懈褔械褋泻懈泄,1
锌褋械胁写芯薪械斜芯,1
锌褋械胁写芯锌懈褋邪褌械谢褜,1
锌褋械胁写芯锌芯谢懈薪芯屑懈邪谢褜薪褘泄,1
锌褋械胁写芯褋锌械泻褌邪泻谢褜,1
锌褋械胁写芯褌胁芯褉褔械褋褌胁芯,1
锌褋械胁写芯褔械褉褌械卸,1
锌褋懈褏芯写械谢懈泻邪,1
锌褋懈褏芯褌械褉邪锌械胁褌懈褔械褋泻懈泄,1
锌褋薪,1
锌褋芯,1
锌褋褍褖械褋褌胁谢褟褌褜褋褟,1
锌褋褏懈芯谢芯谐懈褔械褋泻懈泄,1
锌褌邪谐,1
锌褌邪褉邪,4
锌褌邪褉懈泻,3
锌褌邪褉芯芯斜褉邪蟹薪褘泄,1
锌褌懈褉芯褌邪,1
锌褌薪褍褉,1
锌褍邪褋褋芯薪芯胁褋泻懈泄,1
锌褍斜谢懈褑懈褋褌懈褔薪褘泄,1
锌褍谐邪屑懈,1
锌褍谢懈褌褑械褉芯胁褋泻懈泄,1
锌褍褋邪薪褋泻懈泄,1
锌褍褋褌芯写褍褕懈械,1
锌褍褋褌芯写褍褕薪褘泄,1
锌褍褋褌褘褕泻邪,1
锌褍褌褔懈褋褌,3
锌褍褕泻,1
锌褍褕泻懈薪芯褌邪,1
锌褏斜,1
锌褕械屑褘褋谢褜,1
锌褕懈斜褘褕械胁褋泻懈泄,1
锌褕褏,1
锌褘谢懈薪泻懈薪邪,1
锌褜械蟹芯锌谢邪褋褌懈薪泻邪,1
锌褜锌,1
锌褜褗械蟹芯谐褉芯屑泻芯谐芯胁芯褉懈褌械谢褜,1
锌褜褟,1
锌褝薪褏褍谢械写邪芯,1
锌褟锌懈褌褜,1
锌褟褌懈胁邪谢械薪褌薪褘泄,2
锌褟褌懈蟹胁械蟹写芯褔薪褘泄,1
锌褟褌懈谢械褌薪锌,1
锌褟褌懈褉械褔懈械,1
锌褟褌懈褑邪褉褋褌胁懈械,1
锌褟褌懈褝褌邪卸泻邪,4
锌褟褌褋芯屑,1
褉邪斜械屑薪懈泻薪褍褌褜,1
褉邪斜懈薪,2
褉邪斜芯褌邪褞褑褌懈械,1
褉邪胁薪芯褋褌芯锌薪芯褋褌褜,1
褉邪胁薪芯褍写邪褉薪芯褋褌褜,1
褉邪谐械锌写懈褉懈薪,1
褉邪写械泻,1
褉邪写懈泻邪谢懈蟹懈褉芯胁邪胁褕懈泄褋褟,1
褉邪写懈泻邪谢褜薪芯褋褌褜,3
褉邪写懈芯邪泻褌懈胁,3
褉邪写懈芯邪薪褌械薪薪邪,1
褉邪写懈芯胁械褕邪薪懈械,1
褉邪写懈芯胁芯谢薪谐械薪械褉邪褌芯褉,1
褉邪写懈芯胁芯谢薪芯胁褘泄,1
褉邪写懈芯谐邪谢邪泻褌懈泻邪,2
褉邪写懈芯写褜,1
褉邪写懈芯蟹胁械蟹写邪,1
褉邪写懈芯懈褋褌芯褔薪懈泻,2
褉邪写懈芯谢褞斜懈褌械谢褜,1
褉邪写懈芯薪邪斜谢褞写械薪懈械,1
褉邪写懈芯锌芯褋褌邪薪芯胁泻邪,1
褉邪写懈芯锌褉懈械屑,2
褉邪写懈芯褉械谢械泄薪褘泄,2
褉邪写懈芯褉械锌芯褉褌邪卸,1
褉邪写懈芯褋械谢械泻褑懈褟,1
褉邪写懈芯褋锌械泻褌褉邪谢褜薪褘泄,1
褉邪写懈芯褌械谢械屑械褏邪薪懈泻邪,1
褉邪写懈芯褌械谢械褋泻芯薪芯胁褘泄,1
褉邪写懈芯褌褉邪薪褋谢褟褑懈芯薪薪褘泄,1
褉邪写懈芯褑械薪褌褉,1
褉邪写泻芯,1
褉邪写芯胁械褑,1
褉邪写芯胁械褑泻懈泄,2
褉邪写芯屑褘褋谢褜褋泻懈泄,1
褉邪写芯锌褉懈械屑薪懈泻,1
褉邪蟹斜邪蟹邪褉懈胁邪薪懈械,1
褉邪蟹斜邪谢芯胁邪薪薪芯褋褌褜,1
褉邪蟹胁械写褋谢褍卸斜邪,1
褉邪蟹胁芯褉芯胁褘胁邪褌褜褋褟,1
褉邪蟹谐械褉屑械褌懈蟹懈褉芯胁邪褌褜,2
褉邪蟹谐懈谢褜写褟泄褋褌胁芯,1
褉邪蟹写邪薪褋泻懈泄,1
褉邪蟹写邪褉懈胁邪薪懈械,1
褉邪蟹蟹芯褉邪,1
褉邪蟹懈薪褖懈薪邪,1
褉邪蟹谢懈胁邪薪懈械,1
褉邪蟹谢懈褔屑褔邪,1
褉邪蟹屑邪谐薪懈褌懈褌褜,1
褉邪蟹屑邪谐薪懈褔懈胁邪薪懈械,6
褉邪蟹屑薪芯卸懈褌械谢褜,1
褉邪蟹薪芯屑邪褋褕褌邪斜薪褘泄,1
褉邪蟹薪芯屑褘褋谢褟褖懈泄,1
褉邪蟹薪芯褋泻邪,1
褉邪蟹薪芯褌褘泻邪,1
褉邪蟹薪芯褍褉芯胁薪械胁褘泄,1
褉邪蟹褉械锌褌懈褌褜,1
褉邪蟹褉械褕懈屑芯褋褌褜,3
褉邪蟹褍泻褉褍锌薪械薪懈械,1
褉邪泄谐邪,1
褉邪泻械褌芯薪芯褋械褑,1
褉邪谢邪泻褌懈泻,1
褉邪谢胁械褉褌褘胁邪薪懈械,1
褉邪谢谢械谢褜薪褘泄,1
褉邪屑褋械褟褌褜,1
褉邪锌锌芯胁褋泻懈泄,2
褉邪锌锌芯胁褑邪,2
褉邪褋懈褌懈褉械薪懈械,2
褉邪褋泻芯谢芯褌芯褋褌褜,2
褉邪褋泻褍谢邪褔懈胁邪褌褜,1
褉邪褋泻褍谢邪褔懈胁邪褌褜褋褟,1
褉邪褋芯谐械薪械蟹,1
褉邪褋锌邪泻芯胁褘胁邪褌褜褋褟,1
褉邪褋锌械褔邪褌邪褌褜褋褟,1
褉邪褋锌懈褉褟褞褖懈泄褋褟,1
褉邪褋锌懈褌懈褉械薪懈械,1
褉邪褋锌谢褘胁褔懈胁芯褋褌褜,1
褉邪褋锌芯谢蟹邪薪懈械,1
褉邪褋锌褉芯褋褌懈褉邪褌褜,1
褉邪褋锌褌懈褉械薪懈械,1
褉邪褋锌褌懈褉褟褌褜褋褟,1
褉邪褋锌褌懈褎褉芯胁泻邪,1
褉邪褋褋械懈胁邪褞褖褖懈泄,1
褉邪褋褋卸邪褌懈械,1
褉邪褋褋褉械写芯褌芯褔械薪懈械,2
褉邪褋褌邪屑邪薪,1
褉邪褋褌芯褔械薪懈械,2
褉邪褋褌褉懈褉芯胁邪薪懈械,1
褉邪褋褎芯褉屑懈褉芯胁邪薪懈械,2
褉邪褋褑械薪懈胁邪薪懈械,1
褉邪褌褔懈薪,1
褉邪褑懈芯薪邪谢懈蟹懈褉芯胁邪褌褜,1
褉邪褑懈芯薪邪谢懈褋褌懈褔薪褘泄,1
褉胁芯,1
褉谐芯褎芯蟹,1
褉写写褉,1
褉械斜懈褌械谢褜,1
褉械胁蟹邪锌芯胁械写薪懈泻,1
褉械胁懈蟹懈芯薪懈褋褌,1
褉械胁芯谢褞褑懈芯薪,1
褉械胁锌谢邪泻褋懈胁褘泄,1
褉械胁褘泄,1
褉械谐懈褋褌褉懈褉芯胁邪薪懈械,1
褉械谐懈褋褌褉懈褋褔械褌褔懈泻,1
褉械谐褉械褋褋懈褟,1
褉械写懈薪谐褋泻懈泄,1
褉械卸邪褌褜,1
褉械蟹械褉胁懈褉芯胁邪褌褜褋褟,3
褉械蟹械褉褎芯褉写懈泄,1
褉械懈薪胁械褋褌懈褑懈褟,1
褉械懈薪写褍褋褌褉懈邪谢懈蟹邪褑懈褟,1
褉械泄胁,1
褉械泄谐邪薪芯屑懈泻邪,2
褉械泄蟹褌褜,1
褉械泄褏褋胁械褉,1
褉械泄褏褋胁械褉泻邪,1
褉械泄褏褋屑邪褉泻邪,1
褉械泻芯薪褋褌褉褍懈褉芯胁邪褌褜褋褟,2
褉械泻褉褍褌懈褉芯胁邪薪懈械,2
褉械泻褉褍褌懈褉芯胁邪褌褜,2
褉械谢懈蟹,1
褉械谢褟褌懈胁懈褋褌,1
褉械屑懈蟹芯胁褋泻懈泄,1
褉械屑懈谢懈褌邪褉懈蟹邪褑懈褟,2
褉械屑懈薪懈褋褑械薪褑懈褟,3
褉械薪写械褉,5
褉械芯褉谐邪薪懈蟹芯胁褘胁邪褌褜,1
褉械锌邪褉邪褑懈芯薪薪褘泄,6
褉械锌褉械褋懈褟,1
褉械锌褉械褋褋懈懈褟,1
褉械锌褌懈褌褜褋褟,1
褉械褋锌褍斜谢懈泻邪薪褋泻芯,1
褉械褋褌褉褍泻褌褍褉懈蟹邪褑懈褟,3
褉械褋褍褉褋芯械屑泻懈泄,1
褉械褋褍褉褋芯蟹邪褌褉邪褌薪褘泄,1
褉械褋褍褉褋芯芯斜械褋锌械褔械薪懈械,1
褉械褌邪褟褌褜,1
褉械褌褉邪薪褋谢褟褑懈芯薪薪褘泄,2
褉械褌褉邪薪褋谢褟褑懈褟,1
褉械褌褉芯褋锌械泻褌懈胁邪,1
褉械褎芯褉屑懈褋褌褋泻懈,1
褉械褏芯写,1
褉械褑械褋褋懈褟,1
褉械褔械褌胁芯褉褔械褋褌胁芯,1
褉械褕邪褌械谢褜,3
褉械褖械褌泻邪,1
褉懈斜芯泻,1
褉懈蟹芯薪褌,1
褉懈蟹芯薪褌邪谢褜,1
褉懈泻邪褉写懈邪薪褋泻懈泄,1
褉懈薪谐芯,1
褉懈褋泻芯胁芯泄,1
褉懈褌屑懈蟹懈褉芯胁邪薪薪褘泄,1
褉懈褟写邪,3
褉屑邪褏,7
褉芯胁械薪褋泻懈泄,1
褉芯写懈褌械谢褜褋褌胁芯,1
褉芯写芯胁褋锌芯屑芯卸械薪懈械,1
褉芯蟹械薪褕褌芯泻,1
褉芯泻械褉,3
褉芯屑邪薪薪芯褋褌褜,2
褉芯屑邪薪褌懈泻芯,1
褉芯屑屑械谢懈褌褜,5
褉芯屑屑芯谢芯褌褜,1
褉芯褉芯,1
褉芯褋褋械谢懈薪褜,1
褉芯褋褋械褌褌懈,1
褉芯褌邪褑懈褟,2
褉芯褍褉泻斜褘褌褜,1
褉芯褑械褋褋,1
褉芯褟褌褜,1
褉褋懈,1
褉褍写蟹褍褌邪泻,1
褉褍蟹胁械谢褜褌芯胁褋泻懈泄,1
褉褍泻邪胁懈褕薪懈泻,1
褉褍褌懈蟹邪褌芯褉,1
褉褍褌褜,1
褉褍褏芯谢谢,1
褉褍褑泻芯泄,8
褉褍褔懈薪,1
褉褍褕写懈褌褜,1
褉褘斜芯芯褏褉邪薪邪,1
褉褘胁泻懈薪邪,1
褉褘泻邪谢懈薪,1
褉褘薪芯褔薪懈泻,1
褉褜褉,1
褉褜褜,1
褉褝薪写,1
褉褝锌械褉,1
褉褞褕懈薪邪,2
褋邪谐邪褌芯胁褋泻懈泄,1
褋邪写邪褌,2
褋邪泄锌邪薪,1
褋邪谢懈薪芯褋,1
褋邪谢褍懈薪,1
褋邪谢褜械褉懈蟹屑,1
褋邪屑懈蟹写邪褌芯胁褋泻懈泄,1
褋邪屑芯胁懈褌芯泄,4
褋邪屑芯胁褘写胁懈卸械薪械褑,1
褋邪屑芯谐芯薪芯胁邪褉械薪懈械,1
褋邪屑芯蟹邪褏胁邪褌,1
褋邪屑芯懈蟹屑械薪械薪懈械,1
褋邪屑芯谢械褌芯,1
褋邪屑芯薪邪褋屑械褕泻邪,1
褋邪屑芯芯斜褍褔邪褌褜褋褟,1
褋邪屑芯芯斜褗褟褋薪械薪懈械,4
褋邪屑芯芯褉谐邪薪懈蟹芯胁邪薪薪芯褋褌褜,1
褋邪屑芯锌芯胁褌芯褉械薪懈械,1
褋邪屑芯锌芯谐褉褍卸械薪懈械,1
褋邪屑芯锌芯写写械褉卸懈胁邪褌褜,1
褋邪屑芯锌芯薪懈屑邪薪懈械,1
褋邪屑芯锌芯褋褌懈卸械薪懈械,1
褋邪屑芯锌褉械写锌懈褋邪薪懈械,1
褋邪屑芯锌褉懈泻邪蟹,1
褋邪屑芯锌褉懈屑械薪懈屑芯褋褌褜,2
褋邪屑芯锌褉芯胁芯蟹,1
褋邪屑芯锌褉芯谐褉邪屑屑懈褉芯胁邪薪懈械,1
褋邪屑芯褉邪褋锌褍褋泻邪褌褜褋褟,1
褋邪屑芯褋芯蟹懈写邪薪懈械,5
褋邪屑芯褋锌邪褋械薪懈械,1
褋邪屑芯褋褌邪薪芯胁谢械薪懈械,2
褋邪屑芯褍斜懈泄褋褌胁械薪薪褘泄,1
褋邪屑芯褍薪懈卸械薪懈械,1
褋邪屑芯褍薪懈褔褌芯卸邪褞褖懈泄褋褟,1
褋邪屑芯褍锌褉械泻,1
褋邪屑芯褏邪褉邪泻褌械褉懈褋褌懈泻邪,2
褋邪屑芯褑械薪蟹褍褉邪,1
褋邪薪写懈薪懈褋褌褋泻懈泄,1
褋邪褉邪谐芯褋邪,1
褋邪褉写邪薪芯胁褋泻懈泄,1
褋邪褉泻邪屑褘褕褋泻懈泄,1
褋邪褉芯褋,2
褋邪褉褌芯褉懈褋,1
褋邪褉褗褟薪,1
褋邪褌懈褉懈泻芯薪芯胁械褑,1
褋邪褌懈褉懈泻芯薪褋褌胁芯,1
褋邪褌褜褟谐褉邪褏邪,1
褋邪褏械谢褜褋泻懈泄,1
褋邪褜,1
褋邪褞写锌,1
褋斜芯褔懈褌褜,1
褋胁谐泻,4
褋胁写锌,2
褋胁械褉褏斜械写薪褘泄,1
褋胁械褉褏斜褘褌芯胁芯泄,1
褋胁械褉褏谐芯褋褍写邪褉褋褌胁芯,1
褋胁械褉褏写谢懈薪薪褘泄,1
褋胁械褉褏写芯谢卸薪褘泄,1
褋胁械褉褏懈薪写懈胁懈写褍邪谢褜薪褘泄,1
褋胁械褉褏懈薪褌械薪褋懈胁薪褘泄,1
褋胁械褉褏懈褋泻褍褋褋褌胁芯,1
褋胁械褉褏泻芯薪褑械薪褌褉邪褑懈褟,1
褋胁械褉褏谢械胁褘泄,1
褋胁械褉褏屑邪谢褘泄,1
褋胁械褉褏屑懈褉,4
褋胁械褉褏屑芯薪芯锌芯谢懈蟹邪褑懈褟,1
褋胁械褉褏薪邪褑懈芯薪邪谢褜薪褘泄,1
褋胁械褉褏锌谢芯褌薪褘泄,2
褋胁械褉褏锌芯褌褉械斜谢械薪懈械,2
褋胁械褉褏锌褉械写邪褌械谢褜褋褌胁芯,1
褋胁械褉褏褉邪蟹褉褍褕懈褌械谢褜薪褘泄,1
褋胁械褉褏褉械邪谢懈蟹屑,2
褋胁械褉褏褉械邪谢褜薪芯褋褌褜,2
褋胁械褉褏褉械邪谢褜薪褘泄,1
褋胁械褉褏褋胁芯斜芯写薪褘泄,1
褋胁械褉褏褋褌邪斜懈谢褜薪褘泄,1
褋胁械褉褏褌胁械褉写褘泄,1
褋胁械褉褏褍褋褌邪谢芯褋褌褜,1
褋胁械褌芯谢芯泻邪褌芯褉,3
褋胁械褌芯褉懈褌屑,1
褋胁械褌芯褋谢褍卸械薪懈械,2
褋胁械褌褋泻懈,1
褋胁懈薪邪褉泻邪,1
褋胁芯械胁芯谢褜薪芯褋褌褜,1
褋胁褜泻,2
褋谐械薪械褉懈褉芯胁邪褌褜,3
褋谐懈泄,1
褋写械褉卸懈胁邪薪懈褟,1
褋写谢懈褌褜,1
褋械胁械褉芯邪屑械褉懈泻邪薪械褑,2
褋械胁械褉芯胁褜械褌薪邪屑褋泻懈泄,1
褋械胁械褉芯泻芯褉械械褑,3
褋械胁械褉芯泻芯褉械泄褋泻懈泄,9
褋械写懈屑械薪褌懈褉芯胁邪褌褜,1
褋械泻褋褌懈薪邪,1
褋械泻褌芯褉邪谢褜薪褘泄,3
褋械泻褍褉懈褌邪褌,1
褋械谢懈褌褜斜邪,1
褋械谢褜褏芯蟹薪邪谢芯谐,2
褋械谢褜褏芯蟹锌褉械写锌褉懈褟褌懈械,1
褋械谢褜褏芯蟹锌褉芯写褍泻褌褘,1
褋械屑械褏,1
褋械屑懈写械褋褟褌懈谢械褌懈械,1
褋械屑懈锌褉芯褑械薪褌薪褘泄,1
褋械屑懈褌褋泻芯,2
褋械屑懈褏芯谢屑懈械,1
褋械褉械写懈写写邪,1
褋械褉懈泄薪芯,2
褋械褌芯褔薪褘泄,33
褋械褑械褋褋懈芯薪,1
褋械褑械褋褋懈褟,1
褋械褔褜褋褟,1
褋懈斜邪褌芯屑薪褘泄,1
褋懈斜芯褉谐懈褟,1
褋懈写褍褉邪,1
褋懈懈芯,1
褋懈泻械泄褉芯褋邪,1
褋懈屑邪谢褜薪褘泄,1
褋懈屑胁芯谢懈褋谐邪,1
褋懈屑械薪褋,1
褋懈屑泻邪,1
褋懈屑芯薪褟泻,2
褋懈屑锌邪褌懈褔薪芯褋褌褜,1
褋懈屑锌褌芯屑邪褌懈褔薪褘泄,1
褋懈薪写芯,1
褋懈薪褎邪蟹薪褘泄,1
褋懈薪褏邪泄褋泻懈泄,1
褋懈薪褏褉芯褎邪蟹芯褌褉芯薪,2
褋懈薪褜褏邪褟,1
褋懈薪褜褑蟹褟薪,1
褋懈芯薪懈褋褌,4
褋懈芯薪懈褋褌褋泻懈泄,2
褋懈褋,1
褋懈褌械褌邪,1
褋懈褌褉芯泄薪褟,3
褋懈褎懈谢懈褌懈泻,1
褋懈褕,1
褋泻邪蟹褔懈泻,1
褋泻邪薪写懈薪邪胁褋泻芯,1
褋泻胁邪写褉懈褋褌,1
褋泻懈薪褏械写,1
褋泻懈薪褏械写邪,1
褋泻芯斜谢懈薪,1
褋泻芯斜芯褔薪褘泄,3
褋泻芯薪褑械薪褌褉懈褉芯胁邪薪薪芯褋褌褜,1
褋泻芯薪褑械薪褌褉懈褉芯胁邪薪褘泄,1
褋泻芯锌褔械褋褌胁芯,1
褋泻芯褉芯谢械褌邪,1
褋泻芯褉芯褏,1
褋泻芯褉褋械蟹,1
褋谢邪斜芯褍褉斜邪薪懈蟹懈褉芯胁邪薪薪褘泄,2
褋谢邪谐邪薪懈褟,1
褋谢邪褖邪胁芯褋褌褜,1
褋谢械写芯锌褘褌褋褌胁芯,2
褋谢械蟹泻懈薪邪,1
褋谢芯胁芯褋谢芯胁懈械,1
褋谢芯胁芯褌胁芯褉褔械褋泻懈泄,1
褋谢芯械胁芯泄,1
褋谢褘锌褌邪褌褜,1
褋屑邪褌褉懈胁邪褌褜,1
褋屑邪褌褉懈胁邪褌褜褋褟,1
褋屑械褏邪褔,1
褋屑械褖褑邪褌褜褋褟,1
褋屑懈褜,1
褋薪械谐懈薪褋泻懈泄,1
褋薪械卸械褌褜,1
褋薪械褋泻邪,2
褋薪芯胁械薪,1
褋芯斜谢邪蟹薪械薪懈械,1
褋芯斜褎,1
褋芯斜褘泄,1
褋芯胁械褉懈褌邪褌褜,3
褋芯胁械褉懈褌懈褌褜,1
褋芯胁械褉锌褌邪褌褜,1
褋芯胁械褉褌邪褟褌褜,1
褋芯胁械褌懈蟹邪褑懈褟,6
褋芯胁蟹褎,1
褋芯胁锌邪写,2
褋芯胁褏邪,1
褋芯谐谢邪褕邪褌械谢褜褋泻懈泄,1
褋芯谐谢邪褕邪褌械谢褜褋褌胁芯,1
褋芯谐芯褋褍写邪褉褋褌胁械薪薪褘泄,1
褋芯谐褉邪卸写邪薪褋褌胁芯,5
褋芯械褏,1
褋芯蟹邪褋芯,1
褋芯蟹斜,3
褋芯蟹斜邪褍,1
褋芯蟹斜褏邪,2
褋芯蟹斜褏褋芯蟹褏邪,1
褋芯蟹谐褏邪,1
褋芯蟹械褉褑邪胁械谢褜,1
褋芯蟹蟹邪褋芯蟹,1
褋芯蟹蟹褏邪,3
褋芯蟹蟹褏褋芯蟹褏斜,1
褋芯蟹谢褘泄,1
褋芯蟹锌,1
褋芯蟹褋褉,1
褋芯蟹褋褏邪,1
褋芯蟹褎,12
褋芯蟹褏邪,49
褋芯蟹褏斜,2
褋芯蟹褞芯褎,2
褋芯泻芯谢懈薪械褑,1
褋芯泻褉邪褖邪褌械谢褜薪褘泄,1
褋芯泻褉芯胁械薪薪芯褋褌褜,1
褋芯谢邪薪,1
褋芯谢谐芯谢褍斜芯泄,1
褋芯谢卸械薪懈褑懈薪,1
褋芯谢懈写邪褉懈蟹懈褉芯胁邪褌褜褋褟,1
褋芯谢薪邪,1
褋芯谢薪械褔薪芯褋褌褜,1
褋芯谢薪褑械胁械褌褜,1
褋芯谢薪褑械薪芯褋械褑,1
褋芯谢芯胁褜械胁褋泻懈泄,1
褋芯谢芯胁褜懈薪芯褋褌褜,1
褋芯谢芯屑褋薪械褑,1
褋芯屑薪懈褌械谢褜薪芯褋褌褜,1
褋芯薪邪泄,1
褋芯薪邪锌褉邪胁谢械薪薪褘泄,1
褋芯薪谐褌褜,1
褋芯薪芯褉懈褋褌懈泻邪,2
褋芯薪褉芯褌懈胁谢械薪懈械,1
褋芯芯斜褌褑邪褌褜,1
褋芯芯泻褌芯,1
褋芯芯褌胁械褌械褌胁芯胁邪褌褜,1
褋芯锌懈褋邪薪懈械,1
褋芯锌褉邪薪褜,1
褋芯锌褉芯褌懈胁谢械薪懈褌褜,1
褋芯褉械胁薪芯胁邪褌械谢褜薪芯褋褌褜,4
褋芯褉芯泻邪锌褟褌懈谢械褌懈械,1
褋芯褋褌褘泻芯胁邪褌褜褋褟,1
褋芯褌褉褍写薪褟,1
褋芯褍,24
褋芯褍褔邪褋褌胁芯胁邪褌褜,1
褋芯褑,2
褋芯褑蟹邪褖懈褌邪,1
褋芯褑懈邪谢写械屑芯泻褉邪褌懈褔械褋泻懈泄,1
褋芯褑懈邪谢写械屑芯泻褉邪褌懈褟,1
褋芯褑懈邪谢懈蟹邪褌芯褉,1
褋芯褑懈邪谢懈蟹懈褉芯胁邪薪薪芯褋褌褜,1
褋芯褑懈邪谢懈蟹懈褉芯胁邪褌褜,1
褋芯褑懈芯褝泻芯薪芯屑懈褔械褋泻懈泄,1
褋芯褑谢邪谐械褉褜,3
褋芯褑褋褌褉邪薪邪,4
褋芯褞,1
褋锌邪邪褌褋芯屑,1
褋锌谐芯褕邪,1
褋锌械泻芯褏,1
褋锌械泻褌褉邪谢懈褌褜,1
褋锌械褑锌懈褌邪薪懈械,1
褋锌懈薪芯胁褘泄,10
褋锌懈褋芯褔薪褘泄,2
褋锌懈褔褉邪泄褌械褉,1
褋锌谢邪泄薪,1
褋锌谢芯褕薪褘泄,1
褋锌芯薪褋芯褉褋褌胁芯,1
褋锌褉懈薪褌,1
褋褉械写懈写薪械胁薪褘泄,1
褋褉械写懈械褌械褏薪芯谢芯谐懈褔械褋泻懈泄,1
褋褉械写薪械胁芯褋褌芯褔薪褘泄,1
褋褉械写薪械谐械褉屑邪薪褋泻懈泄,1
褋褉械写薪械褋泻芯褉芯褋褌薪芯泄,1
褋褉芯褔薪懈泻,1
褋褋芯褟,1
褋褋褘谢芯褔薪褘泄,4
褋褌邪写懈邪谢褜薪褘泄,1
褋褌邪谢懈邪谢懈,1
褋褌邪谢泻械褉,1
褋褌邪薪褑懈芯薪邪褉薪褘泄,1
褋褌邪褉芯斜邪褉褋泻懈泄,1
褋褌邪褉芯写械褉械胁械薪褋泻懈泄,1
褋褌邪褉褌邪锌,1
褋褌邪褌,1
褋褌写锌,1
褋褌械泄薪斜械褉谐,1
褋褌械泄褌褋,2
褋褌械屑,1
褋褌械锌褍薪邪,2
褋褌械褑泻懈泄,1
褋褌懈谢褟谐邪,3
褋褌懈褉邪泻褋,2
褋褌泻,1
褋褌芯蟹薪邪褔薪褘泄,1
褋褌芯泻芯胁褋泻懈泄,2
褋褌芯谢斜褔邪,1
褋褌芯褍薪蟹邪,1
褋褌芯褔薪懈泻,1
褋褌褉邪卸薪懈褑邪,1
褋褌褉邪薪械胁褘泄,1
褋褌褉邪薪芯胁芯泄,1
褋褌褉邪褕懈谢泻邪,1
褋褌褉械泻,1
褋褌褉芯褋,1
褋褌褉芯褔械褔薪褘泄,1
褋褌褉芯褔薪,1
褋褌褉褍械薪懈械,2
褋褌褉褍泻褌褍褉懈褉芯胁邪褌褜褋褟,1
褋褌褍褉,1
褋褌褘泻芯胁邪褌褜,1
褋褌褝薪写褎芯褉写褋泻懈泄,1
褋褌褝薪褎芯褉写,3
褋褌褟卸邪褌械谢褜褋泻懈泄,1
褋褌褟卸械薪懈械,1
褋褍邪,2
褋褍斜邪褌芯屑薪褘泄,1
褋褍斜谢懈屑懈褉芯胁邪褌褜褋褟,1
褋褍斜褉械谐懈芯薪,2
褋褍斜褉械谐懈芯薪邪谢褜薪褘泄,1
褋褍斜褋邪褏邪褉褋泻懈泄,3
褋褍斜褋懈写懈邪褉薪芯褋褌褜,1
褋褍斜褋懈写懈褉芯胁邪薪懈械,2
褋褍斜褍褉斜邪薪懈蟹邪褑懈褟,4
褋褍斜褎芯褉屑邪,12
褋褍斜褝谢械屑械薪褌邪褉薪褘泄,2
褋褍谐谐械褋褌懈胁薪褘泄,1
褋褍写械泄泻懈锌邪,1
褋褍写褜斜懈薪褍褕泻邪,1
褋褍谢褌邪薪懈褋褌褘泄,1
褋褍谢褜褎邪蟹芯谢,1
褋褍谢褜褎邪褌薪褘泄,1
褋褍薪泻邪,1
褋褍锌械褉谐邪谢邪泻褌懈泻邪,1
褋褍锌械褉谐褉邪胁懈褌邪褑懈褟,2
褋褍锌械褉写械褉卸邪胁邪,4
褋褍锌械褉写褘褉邪,1
褋褍锌械褉屑邪褋褋懈胁薪褘泄,1
褋褍锌械褉褋懈屑屑械褌褉懈褟,2
褋褍锌褉械屑邪褌懈蟹屑,3
褋褍锌褉械屑褍褋邪,1
褋褍褉懈泻芯胁械褑,1
褋褍褉懈泻芯胁褘泄,1
褋褍褋褌懈褌褜,1
褋褍褏芯胁,1
褋褍褏芯褌懈薪泻,1
褋褍褔邪薪褋泻懈泄,1
褋褍褖斜褘褌褜,1
褋褎邪谢褜褋懈褎懈褑懈褉芯胁邪褌褜,2
褋褎械褉懈褔,1
褋褏邪谢褌褍褉懈褌褜,1
褋褏蟹,1
褋褏谢褉褏,1
褋褑械薪懈褔薪芯褋褌褜,3
褋褑懈薪褌懈谢谢褟褑懈芯薪芯泄,1
褋褔械褌褔,1
褋褔懈褌邪胁懈褌懈褌褜褋褟,1
褋褖褋芯芯褋,1
褋褘褌懈薪械褑,1
褋褘褔械薪褘泄,1
褋褝泄褞泻邪泄,1
褋褝谢懈薪写卸械褉,2
褋褝屑锌谢芯胁,1
褋褞卸械褌懈泻,1
褋褞褉褉械邪谢懈褋褌懈褔械褋泻懈泄,5
褋褞褉褉械邪谢褜薪芯褋褌褜,1
褋褟芯锌懈薪,5
褌邪斜褍懈褉芯胁邪褌褜,1
褌邪胁薪褘泄,1
褌邪谐谐邪,1
褌邪写邪芯,5
褌邪械薪薪芯泄,1
褌邪泄胁邪薪褜褋泻懈泄,1
褌邪泄薪芯锌懈褋械褑,1
褌邪泄褎褍薪芯芯锌邪褋薪褘泄,1
褌邪泻褌懈泻,1
褌邪谢褘褕,1
褌邪屑邪褍谢懈锌邪褋,1
褌邪屑懈蟹写邪褌邪,4
褌邪屑懈谢褜褋泻懈泄,2
褌邪屑褉邪,1
褌邪薪褑邪,1
褌邪薪褑蟹邪谢,1
褌邪芯薪薪芯泄,2
褌邪芯薪薪褘泄,1
褌邪芯褉屑懈薪邪,1
褌邪褍薪褋芯屑,1
褌邪褍薪褕懈锌,1
褌胁芯褉褟薪,1
褌胁芯褉褟薪懈薪邪,1
褌谐械械褌褜,2
褌谐械泄,6
褌谐芯褏邪,1
褌谐褉,1
褌械胁褜械,1
褌械写写械褉,1
褌械泻械褕,2
褌械泻褋褌褍褉懈褉芯胁邪薪懈械,2
褌械谢械胁械褖邪褌械谢褜薪褘泄,2
褌械谢械胁懈写械薪懈,1
褌械谢械蟹邪胁懈褋懈屑芯褋褌褜,1
褌械谢械泻褋,1
褌械谢械屑械褏邪薪懈泻邪,1
褌械谢械芯锌褉芯褋,1
褌械谢械芯褔械褉泻,1
褌械谢械锌褉芯褋屑芯褌褉,1
褌械谢械褉邪写懈芯泻芯屑屑褍薪懈泻邪褑懈褟,1
褌械谢械褉邪写懈芯褑械薪褌褉,1
褌械谢械褌械褏薪芯谢芯谐懈褟,1
褌械谢褜褋褌胁械薪薪褘泄,1
褌械屑锌械谢褜褏芯褎,1
褌械屑锌械褉邪屑械薪褌薪芯褋褌褜,1
褌械薪械胁懈蟹邪褑懈褟,1
褌械薪械胁懈泻邪,1
褌械薪谢芯胁褘泄,1
褌械薪褑懈邪谢,2
褌械芯褋芯褎褋泻懈泄,1
褌械锌谢芯芯斜械褋锌械褔械薪薪芯褋褌褜,2
褌械褉邪谐械褉褑械胁芯泄,2
褌械褉邪谐械褉褑械胁褘泄,1
褌械褉屑芯斜邪褌邪褉械褟,1
褌械褉屑芯褉械邪泻褌芯锌谢邪褋褌,3
褌械褉屑芯褝谢械泻褌褉芯薪薪褘泄,12
褌械褉屑芯褟写械褉蟹褘胁邪褌褜褋褟,1
褌械褉屑芯褟写褉芯,1
褌械褉薪芯胁褋泻懈泄,1
褌械褉褉邪褋懈褉芯胁邪褌褜,1
褌械褋薪褟泻,1
褌械褌褉邪锌褌懈褏薪褍褌褜,2
褌械褏薪芯械屑泻懈泄,1
褌械褏薪芯泻褉邪褌懈蟹屑,1
褌械褏薪芯褋褌褉褍泻褌褍褉邪,1
褌蟹蟹褌褏,1
褌懈胁谢械薪懈械,1
褌懈泄褋泻懈泄,1
褌懈泻邪谢褜薪邪,1
褌懈屑斜懈谢写懈薪谐,1
褌懈薪褝泄写卸械褉,1
褌懈锌芯谢芯谐懈蟹邪褑懈褟,2
褌懈锌芯谢芯谐懈褔械褋泻懈,1
褌懈褉邪卸懈褉褍械屑芯褋褌褜,1
褌懈褉邪卸薪芯褋褌褜,1
褌懈褉芯胁邪褌褜褋褟,1
褌懈褌褉懈褌懈泄,1
褌懈褏芯芯泻械邪薪褋泻芯,1
褌懈褏芯褏芯写薪芯褋褌褜,1
褌懈褑邪,2
褌懈褑懈邪薪芯胁褘泄,1
褌泻械褍褉邪,2
褌泻褉,1
褌泻褍屑械薪褌,1
褌谢谐,1
褌屑邪褏,7
褌屑械褌懈褌褜,3
褌芯斜褝泻泻芯,1
褌芯胁邪褉芯,1
褌芯写芯褉邪,2
褌芯写芯褉芯胁褋泻懈泄,1
褌芯谢泻懈械薪懈褋褌,1
褌芯谢锌械薪薪懈泻,2
褌芯谢褋褌芯褋谢芯泄薪褘泄,2
褌芯屑邪褋芯胁褋泻懈泄,1
褌芯薪谐邪,1
褌芯薪泻懈薪褋泻懈泄,3
褌芯薪泻芯写懈褋锌械褉褋薪褘泄,1
褌芯薪薪芯,1
褌芯薪芯胁褘泄,1
褌芯锌芯谢械胁泻邪,1
褌芯锌芯谢械胁褋泻懈泄,1
褌芯锌褘褉懈褌褜,1
褌芯褉褋褌械薪,1
褌芯褋泻邪薪懈薪懈褌褜,1
褌芯褌邪谢褜薪芯,1
褌芯褔薪芯械胁褉芯锌械泄褋泻懈泄,1
褌锌褉邪泻褌,1
褌褉邪胁芯锌芯谢褜械,1
褌褉邪谐懈泻芯屑懈褔薪褘泄,1
褌褉邪薪邪,1
褌褉邪薪蟹邪泻褑懈褟,12
褌褉邪薪蟹懈褋褌芯褉薪褘泄,2
褌褉邪薪蟹懈褌械褉,1
褌褉邪薪褋邪屑邪蟹芯薪褋泻懈泄,2
褌褉邪薪褋械胁褉,1
褌褉邪薪褋谢褟褑懈芯薪薪褘泄,1
褌褉邪薪褋屑懈褋褋懈胁薪褘泄,1
褌褉邪薪褋薪邪褑懈芯薪邪谢懈蟹邪褑懈褟,1
褌褉邪薪褋锌邪褉械薪褌薪褘泄,2
褌褉邪薪褋锌芯褉褌邪斜械谢褜薪芯褋褌褜,1
褌褉邪薪褋褌芯褉褌薪芯泄,1
褌褉邪薪褋褍褉邪薪芯胁褘泄,5
褌褉邪薪褋褎械褉褌,2
褌褉邪薪褋褎芯褉屑邪褑懈芯薪薪褘泄,1
褌褉邪褋褋屑邪薪,1
褌褉械谐褑懈薪,1
褌褉械锌谢械胁邪,1
褌褉械褌褜械懈褞薪褜褋泻懈泄,2
褌褉械褏芯褔泻芯胁褘泄,3
褌褉械褏褝谢械泻褌褉芯写薪褘泄,1
褌褉懈邪谢褜薪褘泄,1
褌褉懈写褑邪褌锌谢械褌薪褘泄,1
褌褉懈蟹芯薪懈褟,1
褌褉懈芯写,7
褌褉懈芯谢械褌,2
褌褉懈褔械褋泻邪,1
褌褉芯懈褌褜褋褟,1
褌褉芯谢褟,1
褌褉芯锌懈褔械褋泻蟹褔芯,1
褌褉芯褋泻芯锌,1
褌褉芯褌懈谢芯胁褘泄,2
褌褉芯褑泻懈褋褌褋泻懈泄,2
褌褉芯褑泻懈褋褌褋泻芯,1
褌褉褌,1
褌褉褍写薪芯褍褟蟹胁懈屑褘泄,1
褌褉褍写芯懈薪褌械薪褋懈胁薪芯褋褌褜,1
褌褉褍写芯懈薪褌械薪褋懈胁薪褘泄,1
褌褉褍写芯褍褋褌褉邪懈胁邪褌褜,1
褌褉褍锌邪褉械薪褜,1
褌褉褍褏懈谢褜芯,1
褌褉褞泻芯胁褘泄,1
褌褋泻邪泄,1
褌褋泻懈泄,1
褌褋薪械褋泻胁芯褏邪,1
褌褋芯屑胁芯胁芯褏邪,2
褌褌谐,2
褌褌芯薪械褏,10
褌褍谐邪薪芯胁褋泻懈泄,1
褌褍屑斜邪褞屑斜邪,1
褌褍褉邪谢褜薪褘泄,1
褌褍褉械褌褔懈薪邪,1
褌褍褋泻谢芯褋褌褜,1
褌褑邪褉,2
褌褘褋褟褔械谢懈褋褌,1
褌褘褋褟褔械谢懈褋褌褘泄,1
褌褜褋懈谢邪,1
褌褜褞褉懈薪谐,2
褌褝谐邪屑,1
褌褝谐邪屑懈,1
褌褝谐褍,2
褌褝泄谢芯褉,2
褌褝褌褔械褉懈蟹屑,2
褌褟卸械谢芯褋褌褍锌,1
褌褟薪褜邪薪褜屑褝薪褜,1
褌褟薪褜褑蟹懈薪褜,3
褍斜械谐邪薪懈械,2
褍斜械谐邪薪懈泄,1
褍写卸邪屑邪邪,1
褍写芯褔械褉褟褌褜,1
褍卸械胁芯,1
褍蟹斜械泻褋泻芯,1
褍蟹泻芯锌褉芯褎械褋褋懈芯薪邪谢褜薪褘泄,1
褍蟹褉懈褌褜,1
褍蟹褏,1
褍懈蟹谢褍褔械薪懈械,1
褍懈褌褋褌芯薪,3
褍懈褌褜,1
褍泄谢褜褌懈薪械褑,1
褍泻胁,2
褍泻谐,1
褍泻芯褉械薪懈泄,1
褍泻褉邪褕邪褌械谢褜褋泻懈泄,1
褍泻褉褍锌薪懈褌褜褋褟,1
褍谢褜褌褉邪泻芯薪褋械褉胁邪褌懈胁薪褘泄,2
褍屑械薪褘褕械薪懈械,1
褍屑械薪褜锌褌邪褌褜褋褟,2
褍屑芯锌芯褋褌懈谐邪械屑褘泄,1
褍屑褘褕谢械薪薪芯褋褌褜,1
褍薪懈胁械褉褋邪褉懈褍屑,1
褍薪懈褔械褋泻邪,1
褍芯谢懈褋,1
褍芯谢谢,1
褍芯谢褜褌,1
褍芯褉谢写,1
褍芯褉褏芯谢谢,2
褍芯褉褕械谢谢,5
褍芯褌械褉谐械泄褌褋泻懈泄,1
褍锌邪写薪懈褔械褋泻懈泄,1
褍锌邪写芯褔薪懈褔械褋褌胁芯,1
褍锌械褉褌芯褋褌褜,1
褍锌谢芯褌薪械薪懈褟褌褜,1
褍锌褉邪胁谢褟械屑芯褋褌褜,1
褍锌褉械卸写邪褞褖懈泄,10
褍锌褉芯褋褌懈褌械谢褜,1
褍褉邪胁薪懈谢芯胁泻邪,2
褍褉邪胁薪懈褌械谢褜薪芯褋褌褜,1
褍褉邪蟹,1
褍褉邪蟹褍屑械褌褜褋褟,2
褍褉邪薪械泄褌褉芯薪,1
褍褉斜邪薪懈褋褌懈褔械褋泻懈泄,3
褍褉械蟹邪褌褜褋褟,1
褍褉芯邪薪懈蟹邪褑懈褟,1
褍褋泻芯褉械薪懈,1
褍褋芯胁械褉褖械薪褋褌胁芯胁邪薪懈械,1
褍褋褉邪褋褌胁芯褉,1
褍褋褉械写薪械薪薪芯褋褌褜,1
褍褋褌邪褉械胁邪薪懈械,3
褍褋褌薪芯褋褌褜,1
褍褋褌褉芯泄械褌胁芯,1
褍褌械泻邪薪懈械,1
褍褌械褕懈褌械谢褜褋褌胁芯,2
褍褌芯褌褌,1
褍褌褉芯斜薪芯褋褌褜,2
褍褌褉芯懈褌械谢褜,2
褍褏邪械谐褏邪,1
褍褏褉,1
褍褏褉褏,1
褍褑蟹,1
褍褔邪褋褌懈懈褑邪,1
褍褕邪谐邪褌褜,1
褍褕械褉写懈褌褜,1
褍褕褜褏邪,1
褍褖械屑谢械薪薪芯褋褌褜,2
褎邪斜懈邪薪褋泻懈泄,2
褎邪胁械谢,9
褎邪泄谢芯芯斜,1
褎邪泻褌芯褉薪褘泄,1
褎邪谢邪薪谐懈褋褌,1
褎邪谢褜泻械薪褏邪泄薪,1
褎邪薪褌邪蟹懈褉芯胁邪薪懈械,1
褎邪薪褌邪褋屑邪谐芯褉懈褔械褋泻懈泄,2
褎邪薪褌邪褋褌泻邪,1
褎邪褉斜械薪懈薪写褍褋褌褉懈褌褜,1
褎邪褕懈蟹邪褑懈褟,1
褎械写械褉邪谢懈褋褌褋泻懈泄,2
褎械泄薪褘泄,1
褎械谢褜械褌芯薪懈褋褌泻邪,1
褎械屑懈薪懈蟹屑,3
褎械屑懈薪懈褋褌泻邪,1
褎械褉谢懈薪谐械褌褌懈,1
褎械褉屑懈芯薪,54
褎械褉屑懈褘泄,1
褎械褉褉懈褌芯胁褘泄,1
褎械褉褉芯屑邪谐薪械褌懈泻,63
褎械褉褏褞谢褜褋褌,2
褎懈斜褉懈薪芯,1
褎懈械褋褌邪,2
褎懈蟹懈芯谢芯谐懈褔薪芯褋褌褜,1
褎懈泻褋邪卸,1
褎懈谢邪写械谢褜褎懈泄褋泻懈泄,3
褎懈薪邪谐械薪褌,2
褎懈褌芯褋邪薪懈褌邪褉薪褘泄,1
褎懈褌褉邪谢褜薪褘泄,1
褎谢械褉芯胁褘泄,1
褎谢芯泄写,7
褎谢芯泄写邪,1
褎谢褍泻褌褍懈褉芯胁邪褌褜,1
褎谢褍芯褉械褋褑械薪褑懈褟,1
褎谢褞芯褉械褋褑械懈薪,1
褎谢褞芯褉械褋褑懈薪,1
褎芯胁懈蟹屑,1
褎芯谢褜泻谢芯褉懈蟹邪褑懈褟,1
褎芯谢褜泻褋胁邪谐械薪,5
褎芯薪写芯芯褌写邪褔邪,1
褎芯薪懈褔械褋泻邪,1
褎芯褉屑芯褌胁芯褉褔械褋褌胁芯,1
褎芯褉褋懈褉芯胁邪薪薪褘泄,1
褎芯褌芯谐褉邪褎懈蟹屑,3
褎芯褌芯写懈芯写,4
褎芯褌芯蟹谢械屑械薪褌,1
褎芯褌芯谢褞屑懈薪械褋褑械薪褑懈褟,7
褎芯褌芯芯斜褗械泻褌懈胁,1
褎芯褌芯褉械邪谢懈褋褌懈褔薪褘泄,3
褎芯褌芯褋邪谢芯薪,1
褎芯褌芯褌械谢械谐褉邪褎,3
褎芯褌芯褌芯泻,16
褎芯褌芯褌芯薪,1
褎芯褌芯褝写褋,2
褎芯褌芯褝蟹谢械屑械薪褌,1
褎芯褌芯褝谢械泻褌褉芯薪,27
褎芯褌芯褝谢械泻褌褉芯薪芯,1
褎褉邪锌褖谐褋褋泻懈泄,1
褎褉邪褖懈褋褋泻懈泄,1
褎褉懈械褋褋,1
褎褌械谐芯褌褜,1
褎褍泻褍褋懈屑褋泻懈泄,1
褎褍泻褑懈褉芯胁邪褌褜,2
褎褍薪写邪屑械薪褌邪谢懈褋褌,6
褎褍薪写邪屑械薪褌邪谢懈褋褌褋泻懈泄,3
褎褍薪泻褑懈芯薪邪谢懈褋褌,1
褎褍薪泻褑懈芯薪邪谢懈褋褌褋泻懈泄,1
褎褍薪芯胁芯谢褍薪懈械,1
褎褍褌谢褟褉薪芯褋褌褜,2
褎褞褉械褉褋褌胁芯,2
褏邪谐械褉褋褌褉邪薪写,3
褏邪蟹邪褉械械褑,1
褏邪屑懈褌褋泻芯泄,1
褏邪屑褎褉懈,3
褏邪薪械褑,2
褏邪薪卸芯薪芯泻,1
褏邪褉懈蟹屑邪,1
褏邪褉褉懈薪谐褌芯薪,1
褏邪褉褌邪谢芯胁褘泄,1
褏邪褋褋懈褟,1
褏胁芯褉芯斜械泄,1
褏谐褉谐,1
褏械谢褜,1
褏械谢褜褋懈薪泻懈泄,1
褏械屑懈谢褞屑懈薪械褋褑械薪褑懈褟,3
褏械锌械薪懈薪谐邪,1
褏械锌锌懈,1
褏械褉屑邪薪薪褘泄,1
褏械褋斜芯谢谢,1
褏械褏褋褌,1
褏懈薪写褍褋褌邪薪械褑,2
褏懈锌,1
褏谢泻邪,1
褏谢褏,1
褏谢褏懈泄,1
褏屑薪芯谐芯,1
褏薪褌屑,9
褏芯写卸械褉,1
褏芯谢写懈薪谐芯胁褘泄,2
褏芯屑械泄薪褟,1
褏芯薪械泻泻械褉,3
褏芯薪薪械泻械褉,5
褏芯褉芯锌芯,1
褏芯褉芯锌褌褘泄,1
褏锌褉锌,1
褏褉邪屑芯谢懈薪,1
褏褉邪薪邪,1
褏褉邪薪褟褌褜褋褟,1
褏褉懈褋褌邪薪褋泻芯,1
褏褉懈褋褌邪褉邪写薪懈褔邪褌褜,1
褏褉芯屑懈褌,6
褏褉芯屑芯写懈薪邪屑懈泻邪,2
褏褉褍褖械胁泻邪,4
褏褉褍褖芯斜邪,2
褏褋邪褌褜,1
褏褋芯蟹,2
褏褋芯蟹蟹褏斜,2
褏褍邪褑褟芯,1
褏褍谐,2
褏褍写芯卸懈薪泻懈,3
褏褍泄,1
褏褍泻懈泄,1
褏褍谢懈谐邪薪褜械,1
褏褍褋褌懈褋懈邪谢懈褋褌褋泻懈泄,1
褏褍褌,4
褏褍褍褏邪,1
褏褏锌,1
褏褏褍,1
褏褏褍谐邪,1
褏褜褞褋褌芯薪褋泻懈泄,1
褏褝屑屑懈薪谐,8
褑邪泻薪褍褌褜,2
褑胁械褌邪械胁褋泻,1
褑胁械褌芯薪械泄褌褉邪谢褜薪褘泄,6
褑械写懈褌褜褋褟,1
褑械谢械薪邪,1
褑械谢薪褘泄,1
褑械谢芯泻芯胁邪,1
褑械谢芯褔懈褋谢械薪薪芯褋褌褜,1
褑械谢褌邪斜,3
褑械屑械薪褌懈褉芯胁邪薪懈械,1
褑械薪褌褉懈褋褌,1
褑械褑懈谢懈械薪褏芯褎,1
褑蟹褘褟锌,1
褑懈邪薪懈褋褌芯胁芯写芯褉芯写薪褘泄,1
褑懈胁懈谢懈蟹邪褌芯褉褋泻懈泄,1
褑懈泻芯胁褘,1
褑懈谢谢懈邪褉薪邪,5
褑懈谢谢懈邪褉薪褘泄,1
褑懈薪懈褔薪芯褋褌褜,1
褑懈锌褎,10
褑懈褌邪褌薪芯褋褌褜,1
褑芯褉褎谐,1
褔邪泻褍褕,1
褔邪屑芯褉褉芯,1
褔邪薪泻邪泄褕懈褋褌褋泻懈泄,1
褔邪锌谢懈薪芯屑,1
褔邪褋褌懈褑邪邪,1
褔邪褋褌薪芯锌褉邪泻褌懈泻褍褞褖懈泄,1
褔邪褍褕械褋泻邪,9
褔械斜芯谢褜,1
褔械斜芯褉械褑,1
褔械胁芯,1
褔械写胁懈泻芯屑邪,2
褔械谢芯胁械泻邪胁芯懈薪,1
褔械谢芯胁械泻芯褍斜懈泄褋褌胁械薪薪褘泄,1
褔械屑械薪邪,1
褔械褉械屑械薪薪褘泄,1
褔械褉薪芯蟹械屑芯胁懈写薪褘泄,1
褔械褉薪芯泻薪懈卸薪懈褑邪,1
褔械褉薪芯泻芯褋褘薪褜泻懈泄,1
褔械褉薪芯褉褍斜邪褕械褔薪懈泻,2
褔械褉薪芯褋芯褌械薪褋褌胁芯,1
褔械褌薪芯褔械褌薪褘泄,1
褔械褌褘褉械褏褋褌芯褉芯薪薪懈泄,2
褔械褌褘褉械褏褔邪褋褌薪褘泄,2
褔械褌褘褉薪邪写褑邪褌懈蟹薪邪褔薪褘泄,1
褔卸褍邪薪,1
褔蟹褘泻,1
褔懈泻懈谢褟褌褜,1
褔懈薪谐懈蟹褏邪薪褜,1
褔芯写械褟谢芯,1
褔芯锌芯谐,1
褔褌芯芯,1
褔褍斜邪褉褜,1
褔褍写褉邪,3
褔褍卸写芯褋褌褜,2
褔褍卸芯胁褘泄,1
褔褍泻芯胁褖懈薪邪,2
褔褜褟锌邪褋,1
褕邪胁懈薪褋泻懈泄,1
褕邪薪褌邪卸懈褋褌,1
褕邪薪褜写褍薪褋泻懈泄,2
褕邪褉邪褏邪褌褜,1
褕邪褉卸懈褉芯胁邪褌褜,1
褕邪褏懈锌械蟹邪,1
褕邪褏屑邪褌芯胁褘泄,2
褕械蟹芯,1
褕械泄写械褉,4
褕械谢械锌懈薪,2
褕械谢谢,2
褕械谢褗,1
褕械谢褜蟹邪,1
褕械薪谐械薪,2
褕械锌邪褌褜,1
褕械褋褌褜褋褟,1
褕械褌泻邪,1
褕械褎褎谢,4
褕械褕泻芯胁褘,2
褕蟹褏,1
褕懈谢械泄泻芯胁褋泻懈泄,1
褕懈锌褋褌械泄褕薪,1
褕懈褉芯泻芯写芯褋褌褍锌薪褘泄,1
褕谢械屑芯薪芯褋,1
褕谢懈褎褎械锌,1
褕谢褟谐械褉,1
褕芯胁懈薪懈褋褌褋泻懈,1
褕芯锌芯屑邪薪懈褟,1
褕锌芯谢褟薪褋泻懈泄,1
褕锌褎写,1
褕褉懈褎褎械褉,1
褕褌褉械蟹械屑邪薪薪,2
褕褌褘褉褜,4
褕褍谢械褉褋泻懈泄,1
褕褍屑薪褍褌褜,1
褕褍薪褌,13
褕褍薪褌懈褉芯胁邪薪懈械,1
褕褝屑,3
褖邪胁懈薪褋泻懈泄,3
褜褋褟,1
褜褍褜褉,1
褝邪屑,2
褝胁械褉芯褌,1
褝胁芯谢褞褑懈芯薪懈褉芯胁邪薪懈械,1
褝胁褎芯薪懈褟,1
褝谐邪谢懈褌邪褉懈蟹屑,1
褝写褝褋,3
褝蟹芯褌械褉懈褔械褋泻懈泄,1
褝蟹褌,1
褝泄褉泻褉邪褎褌,1
褝泻邪褋懈谢懈褑懈褍屑,1
褝泻蟹懈褋褌械薪褑懈邪谢懈蟹屑,8
褝泻蟹懈褋褌械薪褑懈邪谢懈褋褌,2
褝泻蟹懈褋褌械薪褑懈褟,1
褝泻蟹芯褌懈褔薪褘泄,1
褝泻懈褋褌懈褔械褋泻懈泄,7
褝泻谢械泻褌懈褔械褋泻懈泄,1
褝泻谢械泻褌懈褔薪褘泄,1
褝泻芯薪芯懈褔械褋泻邪泄,1
褝泻锌褉械褋褋懈芯,1
褝泻褋芯薪,1
褝泻褋锌邪薪褋懈芯薪懈蟹屑,1
褝泻褋锌械褉褌薪芯褋褌褜,1
褝泻褋锌谢褍邪褌邪褌芯褉褋泻懈泄,1
褝泻褋锌芯蟹懈褑懈芯薪薪褘泄,1
褝泻褋锌芯褉褌懈褉芯胁邪薪懈械,1
褝泻褋锌芯褉褌薪芯褋褌褜,1
褝泻褋锌芯褉褌芯,1
褝泻褋锌褉械褋褋懈芯薪懈褋褌,2
褝泻褋锌褉芯锌褉懈懈褉芯胁邪褌褜,2
褝泻褋锌褉芯锌褉懈懈褉芯胁邪褌褜褋褟,1
褝泻褋褌械薪褋懈胁薪芯褋褌褜,2
褝泻褋褌褉邪褋芯褑懈械褌邪谢褜薪芯械,1
褝泻褋褌褉邪褋芯褑懈械褌邪谢褜薪褘泄,2
褝泻褋褌褉械屑褍屑,6
褝泻褋褌褉械薪薪芯,1
褝泻褋褑械薪褌褉懈泻,1
褝泻褋褑械薪褌褉懈褋懈褌械褌,3
褝泻褍屑械薪懈褔械褋泻懈泄,1
褝谢邪褋邪,8
褝谢械泻蟹,1
褝谢械泻褌械褉械褌褜,1
褝谢械泻褌褉芯胁邪泻褍褍屑薪褘泄,1
褝谢械泻褌褉芯胁褋锌褘褕泻邪,1
褝谢械泻褌褉芯谐懈褌邪褉邪,1
褝谢械泻褌褉芯写胁懈卸褍褖懈泄,9
褝谢械泻褌褉芯泻芯薪褑械褉薪,1
褝谢械泻褌褉芯谢褞屑懈薪械褋褑械薪褑懈褟,4
褝谢械泻褌褉芯薪械泄褌,1
褝谢械泻褌褉芯薪薪芯胁褘褔懈褋谢懈褌械谢褜薪褘泄,1
褝谢械泻褌褉芯薪芯,2
褝谢械泻褌褉芯锌褉芯屑褘褕谢械薪薪芯褋褌褜,2
褝谢械屑械薪褌芯芯褉谐邪薪懈褔械褋泻懈泄,1
褝谢懈蟹邪斜械褌,1
褝谢懈褌邪褉薪芯褋褌褜,1
褝谢谢懈锌褌懈褔,1
褝谢褜褎芯褔泻芯,1
褝屑懈谐褉邪褑懈芯薪薪褘泄,2
褝屑懈褌褌械褉,34
褝屑懈褌褌械褉薪,3
褝屑懈褌褌械褉薪褘泄,2
褝屑锌邪泄褉邪,1
褝屑锌邪褌懈褟,1
褝薪写芯泻褉懈薪芯谢芯谐懈褟,1
褝薪械褉谐懈懈褝谢械泻褌褉芯屑邪谐锌懈褌薪褘泄,1
褝薪械褉谐懈褔薪芯褋褌褜,1
褝薪械褉谐芯斜谢芯泻,3
褝薪械褉谐芯胁褘写械谢械薪懈械,1
褝薪械褉谐芯写芯斜褘胁邪褌褜,1
褝薪械褉谐芯芯斜屑械薪,3
褝薪械褉谐芯褉邪褋锌褉械写械谢械薪懈械,2
褝薪械褉谐芯褉械褋褍褉褋褜褌,1
褝锌邪褌邪卸薪褘泄,3
褝锌邪褌懈褉芯胁邪褌褜,6
褝锌泻邪,1
褝褉褍锌褌懈胁薪褘泄,1
褝褋泻邪写褉械薪薪褘泄,2
褝褋泻芯褉褌薪褘泄,1
褝褋褌械褌懈蟹懈褉芯胁邪褌褜,1
褝褋褌芯薪泻邪,1
褝褌薪芯谐芯褋褍写邪褉褋褌胁械薪薪褘泄,1
褝褌薪芯泻芯薪褎械褋褋懈芯薪邪谢褜薪褘泄,4
褝褌薪芯泻褉邪褌懈褟,1
褝褌薪芯薪邪褑懈芯薪邪谢懈蟹屑,2
褝褌薪芯薪邪褑懈褟,1
褝褌薪芯锌芯谢懈褌懈泻邪,1
褝褌薪褘泄,2
褝褍褘,1
褝褎械屑械褉薪芯褋褌褜,2
褝褎褎械谢褜,1
褝褎褎懈褑懈械薪褌,2
褝褎褎泻邪,1
褝褏芯褝薪褑械褎邪谢芯谐褉邪褎懈褟,1
褝褕械谢芯薪薪褘泄,1
褝褕锌邪泄,1
褞邪褏,1
褞谐械薪写,1
褞谐褉芯褋褌,1
褞谐褍褉芯胁,1
褞卸薪芯邪褎褉懈泻邪薪械褑,1
褞卸薪芯胁褜械褌薪邪屑械褑,1
褞卸薪芯胁褜械褌薪邪屑褋泻懈泄,8
褞卸薪芯泻芯褉械械褑,3
褞卸薪芯泻芯褉械泄褋泻懈泄,5
褞谢懈,1
褞屑卸写邪,1
褞薪懈写芯,1
褞薪泻褌邪写,2
褞褉褟褌懈薪邪,1
褞褔邪褟褌褜,1
褟胁谢邪谢邪褋褟,1
褟写械褉懈懈泄,1
褟写械褉锌械褌褜,1
褟写械褉锌褘泄,2
褟写褉,1
褟屑褋,4
褟薪谐械谢褜,2
褟薪谐芯薪,1
褟褉屑芯谢,1
褟褉屑芯谢邪,1
褟褉褍蟹械谢褜褋泻懈泄,3
褟褉褘谐邪,1
褟褋械薪芯胁邪褑,1
